filename,width,height,class,xmin,ymin,xmax,ymax
143_jpg.rf.03b99a36f4f66ef6697f0fb7fe81f331.jpg,1536,2048,5 centimes,28,313,461,738
143_jpg.rf.03b99a36f4f66ef6697f0fb7fe81f331.jpg,1536,2048,1 euro,769,239,1248,711
143_jpg.rf.03b99a36f4f66ef6697f0fb7fe81f331.jpg,1536,2048,20 centimes,167,1135,614,1578
143_jpg.rf.03b99a36f4f66ef6697f0fb7fe81f331.jpg,1536,2048,verso-dore,896,1368,1262,1744
166_jpeg.rf.06483eae6e74ccd7c24f856d23837265.jpg,1600,1204,50 centimes,477,365,682,571
166_jpeg.rf.06483eae6e74ccd7c24f856d23837265.jpg,1600,1204,20 centimes,879,453,1063,634
166_jpeg.rf.06483eae6e74ccd7c24f856d23837265.jpg,1600,1204,10 centimes,817,103,977,260
166_jpeg.rf.06483eae6e74ccd7c24f856d23837265.jpg,1600,1204,2 centimes,268,809,451,985
166_jpeg.rf.06483eae6e74ccd7c24f856d23837265.jpg,1600,1204,5 centimes,709,940,907,1139
166_jpeg.rf.06483eae6e74ccd7c24f856d23837265.jpg,1600,1204,1 centime,1253,753,1407,904
247_jpg.rf.06dbb2eb2a12dda8357597e3a64c7cd5.jpg,3024,4032,1 euro,950,680,1608,1331
247_jpg.rf.06dbb2eb2a12dda8357597e3a64c7cd5.jpg,3024,4032,5 centimes,369,925,973,1526
247_jpg.rf.06dbb2eb2a12dda8357597e3a64c7cd5.jpg,3024,4032,10 centimes,661,1481,1216,1990
247_jpg.rf.06dbb2eb2a12dda8357597e3a64c7cd5.jpg,3024,4032,50 centimes,1338,1282,2026,1947
247_jpg.rf.06dbb2eb2a12dda8357597e3a64c7cd5.jpg,3024,4032,2 centimes,460,2163,935,2637
247_jpg.rf.06dbb2eb2a12dda8357597e3a64c7cd5.jpg,3024,4032,20 centimes,1680,1963,2295,2566
247_jpg.rf.06dbb2eb2a12dda8357597e3a64c7cd5.jpg,3024,4032,2 euro,1794,2674,2512,3377
247_jpg.rf.06dbb2eb2a12dda8357597e3a64c7cd5.jpg,3024,4032,1 centime,1155,1991,1597,2435
112_jpg.rf.04f3451b83ac72f2cfd8cea488a1123a.jpg,3000,4000,10 centimes,956,1108,1670,1831
112_jpg.rf.04f3451b83ac72f2cfd8cea488a1123a.jpg,3000,4000,50 centimes,1250,2518,2114,3440
233_jpg.rf.03b50aedbf9ae25736d73f5c25895bd8.jpg,1844,2430,1 euro,94,654,637,1201
233_jpg.rf.03b50aedbf9ae25736d73f5c25895bd8.jpg,1844,2430,10 centimes,398,1342,858,1777
233_jpg.rf.03b50aedbf9ae25736d73f5c25895bd8.jpg,1844,2430,verso-dore,861,160,1418,741
233_jpg.rf.03b50aedbf9ae25736d73f5c25895bd8.jpg,1844,2430,verso-dore,1259,1653,1785,2194
233_jpg.rf.03b50aedbf9ae25736d73f5c25895bd8.jpg,1844,2430,verso-bronze,1161,1030,1533,1402
72_jpeg.rf.076249b9c85d327de46fc72b33f3dbd4.jpg,1200,1600,2 euro,269,232,492,446
72_jpeg.rf.076249b9c85d327de46fc72b33f3dbd4.jpg,1200,1600,10 centimes,575,433,752,601
72_jpeg.rf.076249b9c85d327de46fc72b33f3dbd4.jpg,1200,1600,2 centimes,206,648,378,820
72_jpeg.rf.076249b9c85d327de46fc72b33f3dbd4.jpg,1200,1600,50 centimes,387,721,611,947
72_jpeg.rf.076249b9c85d327de46fc72b33f3dbd4.jpg,1200,1600,2 centimes,467,947,644,1119
72_jpeg.rf.076249b9c85d327de46fc72b33f3dbd4.jpg,1200,1600,1 centime,448,1239,602,1395
72_jpeg.rf.076249b9c85d327de46fc72b33f3dbd4.jpg,1200,1600,10 centimes,601,1247,788,1435
72_jpeg.rf.076249b9c85d327de46fc72b33f3dbd4.jpg,1200,1600,verso-dore,662,147,868,348
72_jpeg.rf.076249b9c85d327de46fc72b33f3dbd4.jpg,1200,1600,1 euro,182,1032,391,1260
236_jpg.rf.0806bf1dcde20abd87df3da876cde886.jpg,1536,2048,verso-bronze,655,921,1039,1296
236_jpg.rf.0806bf1dcde20abd87df3da876cde886.jpg,1536,2048,verso-bronze,283,1179,582,1476
236_jpg.rf.0806bf1dcde20abd87df3da876cde886.jpg,1536,2048,verso-dore,258,628,616,998
236_jpg.rf.0806bf1dcde20abd87df3da876cde886.jpg,1536,2048,verso-dore,618,1435,1020,1835
51_jpeg.rf.089e1963a46342af4499657ea6400ab0.jpg,2048,1536,10 centimes,466,230,766,511
51_jpeg.rf.089e1963a46342af4499657ea6400ab0.jpg,2048,1536,50 centimes,989,245,1322,572
51_jpeg.rf.089e1963a46342af4499657ea6400ab0.jpg,2048,1536,1 centime,746,82,986,303
51_jpeg.rf.089e1963a46342af4499657ea6400ab0.jpg,2048,1536,2 centimes,410,584,718,872
51_jpeg.rf.089e1963a46342af4499657ea6400ab0.jpg,2048,1536,2 centimes,1047,580,1342,863
51_jpeg.rf.089e1963a46342af4499657ea6400ab0.jpg,2048,1536,1 euro,664,402,1023,746
106_jpg.rf.07a3efb358a245b823e15f841dbce71b.jpg,3000,4000,1 euro,437,1283,1289,2075
106_jpg.rf.07a3efb358a245b823e15f841dbce71b.jpg,3000,4000,2 euro,1690,1879,2627,2800
67_JPG.rf.0b044f6f7411bf202e14b12ea4d8fbb5.jpg,768,1024,2 euro,230,460,421,668
77_jpg.rf.116743caa625db9969fa3dcb5db0f373.jpg,1536,2048,5 centimes,372,499,699,830
77_jpg.rf.116743caa625db9969fa3dcb5db0f373.jpg,1536,2048,1 euro,1002,488,1334,836
77_jpg.rf.116743caa625db9969fa3dcb5db0f373.jpg,1536,2048,1 centime,392,1120,640,1369
77_jpg.rf.116743caa625db9969fa3dcb5db0f373.jpg,1536,2048,2 centimes,1030,1085,1293,1358
259_png.rf.1145f6f27e51d5a42d2ea6b2be3225b8.jpg,1170,2532,10 centimes,263,966,976,1684
187_jpg.rf.0f9944567c5faff33a84dde0d83f2311.jpg,2048,1536,1 centime,388,7,596,219
187_jpg.rf.0f9944567c5faff33a84dde0d83f2311.jpg,2048,1536,50 centimes,594,338,898,645
187_jpg.rf.0f9944567c5faff33a84dde0d83f2311.jpg,2048,1536,1 euro,1376,290,1698,591
187_jpg.rf.0f9944567c5faff33a84dde0d83f2311.jpg,2048,1536,2 centimes,1169,485,1418,732
187_jpg.rf.0f9944567c5faff33a84dde0d83f2311.jpg,2048,1536,2 centimes,969,673,1215,921
187_jpg.rf.0f9944567c5faff33a84dde0d83f2311.jpg,2048,1536,10 centimes,696,700,948,954
187_jpg.rf.0f9944567c5faff33a84dde0d83f2311.jpg,2048,1536,20 centimes,1157,851,1452,1146
187_jpg.rf.0f9944567c5faff33a84dde0d83f2311.jpg,2048,1536,20 centimes,693,1026,980,1320
187_jpg.rf.0f9944567c5faff33a84dde0d83f2311.jpg,2048,1536,2 centimes,340,924,578,1165
187_jpg.rf.0f9944567c5faff33a84dde0d83f2311.jpg,2048,1536,2 euro,198,558,520,881
187_jpg.rf.0f9944567c5faff33a84dde0d83f2311.jpg,2048,1536,1 centime,1129,1257,1347,1479
134_jpeg.rf.0c4d7299bba7034bbd08975a1e89dc71.jpg,585,1266,2 euro,39,389,293,644
134_jpeg.rf.0c4d7299bba7034bbd08975a1e89dc71.jpg,585,1266,50 centimes,309,533,536,777
134_jpeg.rf.0c4d7299bba7034bbd08975a1e89dc71.jpg,585,1266,1 euro,72,719,316,962
278_jpg.rf.16cb3370064be0e8e0bad860e8258d4e.jpg,4000,3000,1 centime,886,326,1346,768
278_jpg.rf.16cb3370064be0e8e0bad860e8258d4e.jpg,4000,3000,50 centimes,2109,1288,2763,1939
278_jpg.rf.16cb3370064be0e8e0bad860e8258d4e.jpg,4000,3000,2 euro,1641,2188,2355,2931
278_jpg.rf.16cb3370064be0e8e0bad860e8258d4e.jpg,4000,3000,1 euro,424,866,1088,1507
278_jpg.rf.16cb3370064be0e8e0bad860e8258d4e.jpg,4000,3000,verso-dore,1976,57,2586,681
278_jpg.rf.16cb3370064be0e8e0bad860e8258d4e.jpg,4000,3000,verso-dore,775,1847,1356,2406
278_jpg.rf.16cb3370064be0e8e0bad860e8258d4e.jpg,4000,3000,verso-bronze,1404,823,2016,1435
285_jpg.rf.1f91aa2c44be2ff7a8cbe825fb59d26b.jpg,1200,1600,2 centimes,408,256,664,516
285_jpg.rf.1f91aa2c44be2ff7a8cbe825fb59d26b.jpg,1200,1600,1 centime,871,451,1095,671
285_jpg.rf.1f91aa2c44be2ff7a8cbe825fb59d26b.jpg,1200,1600,2 centimes,735,686,999,947
285_jpg.rf.1f91aa2c44be2ff7a8cbe825fb59d26b.jpg,1200,1600,5 centimes,126,696,430,1001
285_jpg.rf.1f91aa2c44be2ff7a8cbe825fb59d26b.jpg,1200,1600,5 centimes,424,1048,737,1364
42_jpg.rf.22adbac54ab9b0ab7f01c194a793b336.jpg,1500,2000,verso-bronze,438,781,740,1091
42_jpg.rf.22adbac54ab9b0ab7f01c194a793b336.jpg,1500,2000,verso-dore,765,770,1051,1066
42_jpg.rf.22adbac54ab9b0ab7f01c194a793b336.jpg,1500,2000,2 euro,576,1169,934,1533
44_jpg.rf.243c777fb4728bfb9eefd5b20b3c2c9f.jpg,1536,2048,10 centimes,221,579,539,899
44_jpg.rf.243c777fb4728bfb9eefd5b20b3c2c9f.jpg,1536,2048,20 centimes,872,602,1226,966
44_jpg.rf.243c777fb4728bfb9eefd5b20b3c2c9f.jpg,1536,2048,5 centimes,481,1151,827,1497
103_jpeg.rf.296fc8dad1f14a2df40b6664d6c42ad2.jpg,2048,1536,1 euro,594,607,945,951
103_jpeg.rf.296fc8dad1f14a2df40b6664d6c42ad2.jpg,2048,1536,2 centimes,318,562,605,843
103_jpeg.rf.296fc8dad1f14a2df40b6664d6c42ad2.jpg,2048,1536,10 centimes,504,301,794,582
103_jpeg.rf.296fc8dad1f14a2df40b6664d6c42ad2.jpg,2048,1536,5 centimes,811,365,1118,668
103_jpeg.rf.296fc8dad1f14a2df40b6664d6c42ad2.jpg,2048,1536,5 centimes,1069,208,1372,508
103_jpeg.rf.296fc8dad1f14a2df40b6664d6c42ad2.jpg,2048,1536,10 centimes,1118,524,1403,809
103_jpeg.rf.296fc8dad1f14a2df40b6664d6c42ad2.jpg,2048,1536,10 centimes,1416,493,1693,772
103_jpeg.rf.296fc8dad1f14a2df40b6664d6c42ad2.jpg,2048,1536,1 euro,1250,826,1590,1169
103_jpeg.rf.296fc8dad1f14a2df40b6664d6c42ad2.jpg,2048,1536,1 euro,914,759,1258,1103
263_png.rf.281e3c2445fdcc333bac7379a368f4f6.jpg,1170,2532,20 centimes,199,861,989,1645
76_JPG.rf.28fa0c68ddb7ed9fbb2aa553a5889fb0.jpg,768,1024,50 centimes,73,462,207,586
76_JPG.rf.28fa0c68ddb7ed9fbb2aa553a5889fb0.jpg,768,1024,50 centimes,184,392,307,509
76_JPG.rf.28fa0c68ddb7ed9fbb2aa553a5889fb0.jpg,768,1024,50 centimes,190,523,319,647
76_JPG.rf.28fa0c68ddb7ed9fbb2aa553a5889fb0.jpg,768,1024,20 centimes,294,456,407,567
76_JPG.rf.28fa0c68ddb7ed9fbb2aa553a5889fb0.jpg,768,1024,20 centimes,309,343,420,456
76_JPG.rf.28fa0c68ddb7ed9fbb2aa553a5889fb0.jpg,768,1024,2 euro,424,407,554,541
76_JPG.rf.28fa0c68ddb7ed9fbb2aa553a5889fb0.jpg,768,1024,1 euro,380,530,500,650
76_JPG.rf.28fa0c68ddb7ed9fbb2aa553a5889fb0.jpg,768,1024,5 centimes,563,579,682,696
76_JPG.rf.28fa0c68ddb7ed9fbb2aa553a5889fb0.jpg,768,1024,2 euro,406,682,550,832
137_jpeg.rf.2e6d5a778848ae15cd34dc6949f91d77.jpg,585,1266,2 euro,51,646,350,947
137_jpeg.rf.2e6d5a778848ae15cd34dc6949f91d77.jpg,585,1266,1 euro,252,416,514,673
90_jpeg.rf.2bd5179d101f3d01619517b38c53476a.jpg,1200,1600,2 euro,352,411,596,647
90_jpeg.rf.2bd5179d101f3d01619517b38c53476a.jpg,1200,1600,10 centimes,817,437,1003,624
90_jpeg.rf.2bd5179d101f3d01619517b38c53476a.jpg,1200,1600,1 euro,83,598,305,814
90_jpeg.rf.2bd5179d101f3d01619517b38c53476a.jpg,1200,1600,50 centimes,339,807,576,1036
90_jpeg.rf.2bd5179d101f3d01619517b38c53476a.jpg,1200,1600,10 centimes,529,963,719,1155
90_jpeg.rf.2bd5179d101f3d01619517b38c53476a.jpg,1200,1600,2 centimes,816,931,997,1111
90_jpeg.rf.2bd5179d101f3d01619517b38c53476a.jpg,1200,1600,verso-bronze,482,224,637,373
90_jpeg.rf.2bd5179d101f3d01619517b38c53476a.jpg,1200,1600,verso-bronze,890,645,1053,812
90_jpeg.rf.2bd5179d101f3d01619517b38c53476a.jpg,1200,1600,2 centimes,604,507,778,699
90_jpeg.rf.2bd5179d101f3d01619517b38c53476a.jpg,1200,1600,verso-bronze,132,1165,372,1396
219_jpg.rf.2e103d57047ee78bc6be1adac5b20450.jpg,1200,1600,1 euro,270,865,423,1013
219_jpg.rf.2e103d57047ee78bc6be1adac5b20450.jpg,1200,1600,10 centimes,268,660,399,786
219_jpg.rf.2e103d57047ee78bc6be1adac5b20450.jpg,1200,1600,50 centimes,662,594,819,749
219_jpg.rf.2e103d57047ee78bc6be1adac5b20450.jpg,1200,1600,20 centimes,637,930,784,1077
219_jpg.rf.2e103d57047ee78bc6be1adac5b20450.jpg,1200,1600,5 centimes,350,1145,490,1287
4_jpg.rf.2ae670986cd92c1abff899b5580ab99a.jpg,3000,4000,20 centimes,424,968,1309,1841
4_jpg.rf.2ae670986cd92c1abff899b5580ab99a.jpg,3000,4000,50 centimes,1865,1387,2906,2417
4_jpg.rf.2ae670986cd92c1abff899b5580ab99a.jpg,3000,4000,10 centimes,189,1954,1063,2810
4_jpg.rf.2ae670986cd92c1abff899b5580ab99a.jpg,3000,4000,50 centimes,1247,2677,2354,3799
104_jpg.rf.2eec715f48f7ece11886db63c525cb28.jpg,3000,4000,2 centimes,1565,966,2325,1709
104_jpg.rf.2eec715f48f7ece11886db63c525cb28.jpg,3000,4000,5 centimes,566,1659,1454,2535
104_jpg.rf.2eec715f48f7ece11886db63c525cb28.jpg,3000,4000,1 centime,1783,2433,2460,3105
38_jpg.rf.33761cee55cd0b8400454d387c68a666.jpg,1536,2048,5 centimes,377,500,704,818
38_jpg.rf.33761cee55cd0b8400454d387c68a666.jpg,1536,2048,1 centime,390,1124,641,1380
38_jpg.rf.33761cee55cd0b8400454d387c68a666.jpg,1536,2048,2 centimes,1011,1089,1293,1364
38_jpg.rf.33761cee55cd0b8400454d387c68a666.jpg,1536,2048,1 euro,1010,494,1330,833
258_png.rf.2c77d198dfd618b0e541021d5b954b50.jpg,1170,2532,2 euro,252,949,1040,1711
267_png.rf.1eabf006de6d002e285c960585a547b7.jpg,1112,1228,20 centimes,277,172,451,343
267_png.rf.1eabf006de6d002e285c960585a547b7.jpg,1112,1228,1 euro,759,153,952,343
267_png.rf.1eabf006de6d002e285c960585a547b7.jpg,1112,1228,5 centimes,296,455,463,623
267_png.rf.1eabf006de6d002e285c960585a547b7.jpg,1112,1228,1 centime,167,497,300,630
267_png.rf.1eabf006de6d002e285c960585a547b7.jpg,1112,1228,50 centimes,702,596,900,786
267_png.rf.1eabf006de6d002e285c960585a547b7.jpg,1112,1228,10 centimes,803,880,967,1032
267_png.rf.1eabf006de6d002e285c960585a547b7.jpg,1112,1228,2 euro,95,890,288,1091
267_png.rf.1eabf006de6d002e285c960585a547b7.jpg,1112,1228,2 centimes,417,769,566,921
74_jpg.rf.306dd90458f80afcde3e62a6691c9b58.jpg,1600,1200,1 euro,855,95,1288,511
74_jpg.rf.306dd90458f80afcde3e62a6691c9b58.jpg,1600,1200,verso-dore,274,116,651,480
74_jpg.rf.306dd90458f80afcde3e62a6691c9b58.jpg,1600,1200,verso-dore,818,592,1267,1054
74_jpg.rf.306dd90458f80afcde3e62a6691c9b58.jpg,1600,1200,verso-bronze,296,679,671,1025
29_jpg.rf.2d3198035eb019de271b723fa668f460.jpg,1600,1200,1 centime,647,378,819,546
29_jpg.rf.2d3198035eb019de271b723fa668f460.jpg,1600,1200,1 euro,790,562,1040,815
29_jpg.rf.2d3198035eb019de271b723fa668f460.jpg,1600,1200,1 euro,1213,747,1470,1009
29_jpg.rf.2d3198035eb019de271b723fa668f460.jpg,1600,1200,2 centimes,99,526,290,721
29_jpg.rf.2d3198035eb019de271b723fa668f460.jpg,1600,1200,2 euro,555,829,842,1124
29_jpg.rf.2d3198035eb019de271b723fa668f460.jpg,1600,1200,20 centimes,319,299,528,523
29_jpg.rf.2d3198035eb019de271b723fa668f460.jpg,1600,1200,50 centimes,851,253,1101,502
29_jpg.rf.2d3198035eb019de271b723fa668f460.jpg,1600,1200,5 centimes,283,737,514,967
29_jpg.rf.2d3198035eb019de271b723fa668f460.jpg,1600,1200,10 centimes,540,535,754,740
130_jpeg.rf.30074fb00010e22c630516cddff044c7.jpg,585,1266,2 euro,116,490,471,849
5_jpg.rf.2e1f660daaef025a19491677e5ba4521.jpg,3000,4000,5 centimes,567,1670,1408,2531
5_jpg.rf.2e1f660daaef025a19491677e5ba4521.jpg,3000,4000,2 centimes,1552,967,2307,1694
5_jpg.rf.2e1f660daaef025a19491677e5ba4521.jpg,3000,4000,1 centime,1798,2433,2462,3103
179_jpg.rf.2ca50516684d8f3d6980c0781a9ccb54.jpg,3072,4080,1 euro,828,1659,2185,3005
225_jpg.rf.3093575f56cd9cb21a30763fe9620a1e.jpg,1200,1600,10 centimes,463,740,716,1001
189_jpg.rf.34f59d185eb8a71d8b1114741d0dab48.jpg,2048,1536,1 centime,355,161,580,384
189_jpg.rf.34f59d185eb8a71d8b1114741d0dab48.jpg,2048,1536,10 centimes,665,142,945,417
189_jpg.rf.34f59d185eb8a71d8b1114741d0dab48.jpg,2048,1536,10 centimes,943,1,1221,280
189_jpg.rf.34f59d185eb8a71d8b1114741d0dab48.jpg,2048,1536,2 euro,1187,124,1557,496
189_jpg.rf.34f59d185eb8a71d8b1114741d0dab48.jpg,2048,1536,1 euro,1443,418,1793,755
189_jpg.rf.34f59d185eb8a71d8b1114741d0dab48.jpg,2048,1536,2 centimes,924,470,1190,737
189_jpg.rf.34f59d185eb8a71d8b1114741d0dab48.jpg,2048,1536,2 euro,1142,826,1511,1199
189_jpg.rf.34f59d185eb8a71d8b1114741d0dab48.jpg,2048,1536,1 centime,1144,1200,1380,1440
189_jpg.rf.34f59d185eb8a71d8b1114741d0dab48.jpg,2048,1536,20 centimes,708,1137,1028,1463
189_jpg.rf.34f59d185eb8a71d8b1114741d0dab48.jpg,2048,1536,2 centimes,318,1106,584,1369
189_jpg.rf.34f59d185eb8a71d8b1114741d0dab48.jpg,2048,1536,2 centimes,253,539,514,797
55_jpeg.rf.387d1d2006539ca8e23a6afb9dc00c84.jpg,1200,1600,1 euro,166,453,407,685
55_jpeg.rf.387d1d2006539ca8e23a6afb9dc00c84.jpg,1200,1600,verso-bronze,562,486,755,677
55_jpeg.rf.387d1d2006539ca8e23a6afb9dc00c84.jpg,1200,1600,verso-bronze,717,607,910,793
55_jpeg.rf.387d1d2006539ca8e23a6afb9dc00c84.jpg,1200,1600,10 centimes,541,780,750,983
55_jpeg.rf.387d1d2006539ca8e23a6afb9dc00c84.jpg,1200,1600,verso-dore,427,1049,691,1327
110_jpg.rf.3626a037c07603090efacd0f30202509.jpg,3000,4000,1 euro,765,1202,1622,2013
110_jpg.rf.3626a037c07603090efacd0f30202509.jpg,3000,4000,2 centimes,1685,670,2358,1322
110_jpg.rf.3626a037c07603090efacd0f30202509.jpg,3000,4000,5 centimes,1547,2568,2361,3374
14_JPG.rf.3cbd805b5959ef2acddd6abc006a87d3.jpg,1023,768,5 centimes,267,135,445,313
14_JPG.rf.3cbd805b5959ef2acddd6abc006a87d3.jpg,1023,768,20 centimes,568,199,756,382
14_JPG.rf.3cbd805b5959ef2acddd6abc006a87d3.jpg,1023,768,2 euro,345,358,562,574
14_JPG.rf.3cbd805b5959ef2acddd6abc006a87d3.jpg,1023,768,1 euro,590,417,782,613
37_jpg.rf.42f44fcb031e8db549d5396c3d248ce0.jpg,1500,2000,2 euro,511,935,969,1413
212_jpg.rf.39e4ef62ad4018f4dccb45fe43bf63e4.jpg,900,1600,1 euro,121,560,326,764
212_jpg.rf.39e4ef62ad4018f4dccb45fe43bf63e4.jpg,900,1600,5 centimes,491,706,670,881
212_jpg.rf.39e4ef62ad4018f4dccb45fe43bf63e4.jpg,900,1600,2 centimes,559,994,714,1147
212_jpg.rf.39e4ef62ad4018f4dccb45fe43bf63e4.jpg,900,1600,2 centimes,501,1142,655,1291
212_jpg.rf.39e4ef62ad4018f4dccb45fe43bf63e4.jpg,900,1600,5 centimes,137,1307,313,1478
212_jpg.rf.39e4ef62ad4018f4dccb45fe43bf63e4.jpg,900,1600,verso-dore,20,218,241,445
212_jpg.rf.39e4ef62ad4018f4dccb45fe43bf63e4.jpg,900,1600,verso-bronze,308,871,471,1037
212_jpg.rf.39e4ef62ad4018f4dccb45fe43bf63e4.jpg,900,1600,verso-bronze,673,1262,808,1391
212_jpg.rf.39e4ef62ad4018f4dccb45fe43bf63e4.jpg,900,1600,verso-dore,660,1104,828,1259
64_jpg.rf.40efab72e8ae381f8e3ef797f158c91d.jpg,1512,1814,1 euro,734,536,1119,910
64_jpg.rf.40efab72e8ae381f8e3ef797f158c91d.jpg,1512,1814,10 centimes,223,409,543,721
64_jpg.rf.40efab72e8ae381f8e3ef797f158c91d.jpg,1512,1814,5 centimes,168,921,519,1270
64_jpg.rf.40efab72e8ae381f8e3ef797f158c91d.jpg,1512,1814,2 euro,677,1034,1103,1463
64_jpg.rf.40efab72e8ae381f8e3ef797f158c91d.jpg,1512,1814,1 centime,452,1415,730,1692
244_jpg.rf.3c554020726b9ea4029ac727e65fa4b7.jpg,1536,2048,5 centimes,556,626,901,974
244_jpg.rf.3c554020726b9ea4029ac727e65fa4b7.jpg,1536,2048,1 centime,367,1135,632,1396
244_jpg.rf.3c554020726b9ea4029ac727e65fa4b7.jpg,1536,2048,verso-bronze,757,1084,1091,1418
188_jpg.rf.38367314cd80e19daa0e7b247919ac22.jpg,2048,1536,1 centime,406,188,620,405
188_jpg.rf.38367314cd80e19daa0e7b247919ac22.jpg,2048,1536,10 centimes,702,173,965,441
188_jpg.rf.38367314cd80e19daa0e7b247919ac22.jpg,2048,1536,10 centimes,971,34,1240,306
188_jpg.rf.38367314cd80e19daa0e7b247919ac22.jpg,2048,1536,2 euro,1202,160,1553,518
188_jpg.rf.38367314cd80e19daa0e7b247919ac22.jpg,2048,1536,1 euro,1448,445,1778,768
188_jpg.rf.38367314cd80e19daa0e7b247919ac22.jpg,2048,1536,2 centimes,950,491,1204,747
188_jpg.rf.38367314cd80e19daa0e7b247919ac22.jpg,2048,1536,2 centimes,304,551,555,800
188_jpg.rf.38367314cd80e19daa0e7b247919ac22.jpg,2048,1536,2 euro,637,685,980,1030
188_jpg.rf.38367314cd80e19daa0e7b247919ac22.jpg,2048,1536,50 centimes,1211,755,1545,1087
188_jpg.rf.38367314cd80e19daa0e7b247919ac22.jpg,2048,1536,20 centimes,1400,1123,1720,1441
188_jpg.rf.38367314cd80e19daa0e7b247919ac22.jpg,2048,1536,1 centime,1136,1137,1364,1368
188_jpg.rf.38367314cd80e19daa0e7b247919ac22.jpg,2048,1536,20 centimes,738,1129,1039,1438
188_jpg.rf.38367314cd80e19daa0e7b247919ac22.jpg,2048,1536,2 centimes,365,1095,617,1350
128_jpg.rf.38eae42a3c39230b85e73eb05e113110.jpg,5712,4284,20 centimes,1268,1394,1965,2086
128_jpg.rf.38eae42a3c39230b85e73eb05e113110.jpg,5712,4284,10 centimes,2300,568,2944,1188
128_jpg.rf.38eae42a3c39230b85e73eb05e113110.jpg,5712,4284,1 euro,2327,3046,3064,3769
128_jpg.rf.38eae42a3c39230b85e73eb05e113110.jpg,5712,4284,1 centime,2830,1885,3301,2372
128_jpg.rf.38eae42a3c39230b85e73eb05e113110.jpg,5712,4284,2 centimes,3807,3041,4362,3605
128_jpg.rf.38eae42a3c39230b85e73eb05e113110.jpg,5712,4284,verso-bronze,3429,567,4106,1247
128_jpg.rf.38eae42a3c39230b85e73eb05e113110.jpg,5712,4284,verso-dore,4296,1826,5090,2613
156_jpg.rf.465605b305f65832208630044504727d.jpg,2268,3024,20 centimes,263,643,1094,1458
156_jpg.rf.465605b305f65832208630044504727d.jpg,2268,3024,1 euro,1076,870,1811,1663
156_jpg.rf.465605b305f65832208630044504727d.jpg,2268,3024,2 euro,819,1867,1658,2731
156_jpg.rf.465605b305f65832208630044504727d.jpg,2268,3024,1 centime,532,1462,1086,2027
270_jpg.rf.419b4f09fa33b60da250db45b63dac3a.jpg,2046,2047,2 euro,948,1114,1466,1653
270_jpg.rf.419b4f09fa33b60da250db45b63dac3a.jpg,2046,2047,50 centimes,1451,807,1935,1307
270_jpg.rf.419b4f09fa33b60da250db45b63dac3a.jpg,2046,2047,20 centimes,209,1434,690,1921
270_jpg.rf.419b4f09fa33b60da250db45b63dac3a.jpg,2046,2047,2 centimes,113,382,494,755
270_jpg.rf.419b4f09fa33b60da250db45b63dac3a.jpg,2046,2047,1 euro,612,148,1061,593
270_jpg.rf.419b4f09fa33b60da250db45b63dac3a.jpg,2046,2047,10 centimes,1240,384,1631,776
270_jpg.rf.419b4f09fa33b60da250db45b63dac3a.jpg,2046,2047,5 centimes,775,605,1207,1028
270_jpg.rf.419b4f09fa33b60da250db45b63dac3a.jpg,2046,2047,1 centime,328,906,657,1239
162_jpeg.rf.3d10cd900cd547938a4779322e4d8e92.jpg,1599,1186,1 euro,587,266,777,457
162_jpeg.rf.3d10cd900cd547938a4779322e4d8e92.jpg,1599,1186,20 centimes,377,559,572,741
162_jpeg.rf.3d10cd900cd547938a4779322e4d8e92.jpg,1599,1186,20 centimes,798,588,991,782
108_jpeg.rf.47d873fdee35fc574ba62c81ea99cd72.jpg,2048,1536,5 centimes,264,682,509,921
108_jpeg.rf.47d873fdee35fc574ba62c81ea99cd72.jpg,2048,1536,10 centimes,385,886,615,1113
108_jpeg.rf.47d873fdee35fc574ba62c81ea99cd72.jpg,2048,1536,10 centimes,455,489,674,697
108_jpeg.rf.47d873fdee35fc574ba62c81ea99cd72.jpg,2048,1536,20 centimes,522,680,772,924
108_jpeg.rf.47d873fdee35fc574ba62c81ea99cd72.jpg,2048,1536,1 centime,404,335,581,503
108_jpeg.rf.47d873fdee35fc574ba62c81ea99cd72.jpg,2048,1536,2 centimes,667,435,872,635
108_jpeg.rf.47d873fdee35fc574ba62c81ea99cd72.jpg,2048,1536,1 euro,564,214,814,453
108_jpeg.rf.47d873fdee35fc574ba62c81ea99cd72.jpg,2048,1536,20 centimes,771,699,1025,945
108_jpeg.rf.47d873fdee35fc574ba62c81ea99cd72.jpg,2048,1536,1 centime,708,924,889,1111
108_jpeg.rf.47d873fdee35fc574ba62c81ea99cd72.jpg,2048,1536,10 centimes,586,1092,809,1328
108_jpeg.rf.47d873fdee35fc574ba62c81ea99cd72.jpg,2048,1536,5 centimes,888,940,1136,1187
108_jpeg.rf.47d873fdee35fc574ba62c81ea99cd72.jpg,2048,1536,10 centimes,1023,735,1235,943
108_jpeg.rf.47d873fdee35fc574ba62c81ea99cd72.jpg,2048,1536,10 centimes,886,513,1097,719
108_jpeg.rf.47d873fdee35fc574ba62c81ea99cd72.jpg,2048,1536,2 centimes,842,326,1041,521
108_jpeg.rf.47d873fdee35fc574ba62c81ea99cd72.jpg,2048,1536,50 centimes,879,100,1129,332
108_jpeg.rf.47d873fdee35fc574ba62c81ea99cd72.jpg,2048,1536,10 centimes,1066,314,1271,514
108_jpeg.rf.47d873fdee35fc574ba62c81ea99cd72.jpg,2048,1536,1 euro,1099,508,1339,749
108_jpeg.rf.47d873fdee35fc574ba62c81ea99cd72.jpg,2048,1536,1 euro,1255,699,1507,955
108_jpeg.rf.47d873fdee35fc574ba62c81ea99cd72.jpg,2048,1536,5 centimes,1128,919,1365,1163
108_jpeg.rf.47d873fdee35fc574ba62c81ea99cd72.jpg,2048,1536,1 euro,1484,829,1733,1088
108_jpeg.rf.47d873fdee35fc574ba62c81ea99cd72.jpg,2048,1536,10 centimes,1418,545,1642,751
108_jpeg.rf.47d873fdee35fc574ba62c81ea99cd72.jpg,2048,1536,10 centimes,1623,610,1830,814
108_jpeg.rf.47d873fdee35fc574ba62c81ea99cd72.jpg,2048,1536,5 centimes,1288,321,1513,536
108_jpeg.rf.47d873fdee35fc574ba62c81ea99cd72.jpg,2048,1536,2 centimes,1266,141,1465,325
108_jpeg.rf.47d873fdee35fc574ba62c81ea99cd72.jpg,2048,1536,5 centimes,1509,319,1723,526
16_JPG.rf.4d4337f3e894d4296275fff1362024ef.jpg,768,1024,50 centimes,75,522,213,658
16_JPG.rf.4d4337f3e894d4296275fff1362024ef.jpg,768,1024,50 centimes,177,433,309,560
16_JPG.rf.4d4337f3e894d4296275fff1362024ef.jpg,768,1024,50 centimes,213,567,341,700
16_JPG.rf.4d4337f3e894d4296275fff1362024ef.jpg,768,1024,20 centimes,301,362,426,481
16_JPG.rf.4d4337f3e894d4296275fff1362024ef.jpg,768,1024,20 centimes,304,484,419,604
16_JPG.rf.4d4337f3e894d4296275fff1362024ef.jpg,768,1024,2 euro,452,702,599,853
16_JPG.rf.4d4337f3e894d4296275fff1362024ef.jpg,768,1024,2 euro,433,417,581,555
16_JPG.rf.4d4337f3e894d4296275fff1362024ef.jpg,768,1024,1 euro,402,549,525,673
16_JPG.rf.4d4337f3e894d4296275fff1362024ef.jpg,768,1024,5 centimes,598,581,728,702
215_jpg.rf.4b53c4c4337a34a7c00b6963000374c9.jpg,900,1600,2 centimes,295,291,402,396
215_jpg.rf.4b53c4c4337a34a7c00b6963000374c9.jpg,900,1600,verso-bronze,190,463,287,560
215_jpg.rf.4b53c4c4337a34a7c00b6963000374c9.jpg,900,1600,verso-bronze,437,452,538,559
215_jpg.rf.4b53c4c4337a34a7c00b6963000374c9.jpg,900,1600,verso-bronze,494,667,608,788
215_jpg.rf.4b53c4c4337a34a7c00b6963000374c9.jpg,900,1600,verso-bronze,277,898,396,1017
215_jpg.rf.4b53c4c4337a34a7c00b6963000374c9.jpg,900,1600,verso-bronze,279,1126,385,1233
215_jpg.rf.4b53c4c4337a34a7c00b6963000374c9.jpg,900,1600,verso-dore,410,943,515,1051
215_jpg.rf.4b53c4c4337a34a7c00b6963000374c9.jpg,900,1600,verso-dore,393,748,525,889
215_jpg.rf.4b53c4c4337a34a7c00b6963000374c9.jpg,900,1600,1 euro,261,693,399,835
196_jpg.rf.4a318d0fc05db4798c188fb80a90f805.jpg,1024,768,2 euro,41,159,232,342
196_jpg.rf.4a318d0fc05db4798c188fb80a90f805.jpg,1024,768,50 centimes,380,85,551,253
196_jpg.rf.4a318d0fc05db4798c188fb80a90f805.jpg,1024,768,1 centime,648,204,764,318
196_jpg.rf.4a318d0fc05db4798c188fb80a90f805.jpg,1024,768,1 euro,705,349,875,516
196_jpg.rf.4a318d0fc05db4798c188fb80a90f805.jpg,1024,768,10 centimes,315,418,465,565
196_jpg.rf.4a318d0fc05db4798c188fb80a90f805.jpg,1024,768,20 centimes,39,530,211,699
196_jpg.rf.4a318d0fc05db4798c188fb80a90f805.jpg,1024,768,5 centimes,437,569,590,731
196_jpg.rf.4a318d0fc05db4798c188fb80a90f805.jpg,1024,768,2 centimes,714,602,855,745
13_JPG.rf.4449aaa38b504997d2dcb7964c9a09fe.jpg,768,1024,1 euro,220,171,471,436
13_JPG.rf.4449aaa38b504997d2dcb7964c9a09fe.jpg,768,1024,2 euro,206,523,496,818
202_jpg.rf.36eab4415fc155158fcd142afe406a3f.jpg,1600,900,1 euro,618,250,747,378
202_jpg.rf.36eab4415fc155158fcd142afe406a3f.jpg,1600,900,1 euro,1064,224,1206,358
202_jpg.rf.36eab4415fc155158fcd142afe406a3f.jpg,1600,900,20 centimes,1296,298,1429,429
202_jpg.rf.36eab4415fc155158fcd142afe406a3f.jpg,1600,900,10 centimes,1439,150,1554,264
202_jpg.rf.36eab4415fc155158fcd142afe406a3f.jpg,1600,900,10 centimes,1145,423,1264,538
202_jpg.rf.36eab4415fc155158fcd142afe406a3f.jpg,1600,900,5 centimes,922,437,1045,558
202_jpg.rf.36eab4415fc155158fcd142afe406a3f.jpg,1600,900,2 centimes,841,355,954,462
202_jpg.rf.36eab4415fc155158fcd142afe406a3f.jpg,1600,900,2 euro,831,635,989,791
202_jpg.rf.36eab4415fc155158fcd142afe406a3f.jpg,1600,900,1 centime,1065,708,1164,799
202_jpg.rf.36eab4415fc155158fcd142afe406a3f.jpg,1600,900,2 euro,1202,588,1369,744
202_jpg.rf.36eab4415fc155158fcd142afe406a3f.jpg,1600,900,verso-dore,901,193,1045,333
202_jpg.rf.36eab4415fc155158fcd142afe406a3f.jpg,1600,900,verso-bronze,496,488,627,618
202_jpg.rf.36eab4415fc155158fcd142afe406a3f.jpg,1600,900,1 euro,611,621,745,754
178_jpg.rf.36c2eae95daccdb0c40298903bfa9213.jpg,3072,4080,20 centimes,2155,2293,2909,3057
178_jpg.rf.36c2eae95daccdb0c40298903bfa9213.jpg,3072,4080,1 euro,529,1240,1321,2007
178_jpg.rf.36c2eae95daccdb0c40298903bfa9213.jpg,3072,4080,verso-dore,543,2794,1420,3690
45_jpg.rf.3edabe9c34a7570aa18fb6871bd97821.jpg,1200,1600,5 centimes,332,519,542,731
45_jpg.rf.3edabe9c34a7570aa18fb6871bd97821.jpg,1200,1600,1 euro,93,822,324,1047
45_jpg.rf.3edabe9c34a7570aa18fb6871bd97821.jpg,1200,1600,50 centimes,445,825,679,1066
45_jpg.rf.3edabe9c34a7570aa18fb6871bd97821.jpg,1200,1600,20 centimes,652,588,864,811
45_jpg.rf.3edabe9c34a7570aa18fb6871bd97821.jpg,1200,1600,10 centimes,769,856,964,1056
154_jpg.rf.367253e6192105d6a272f4c5c1465cc8.jpg,4032,3024,2 euro,1869,807,3137,2040
154_jpg.rf.367253e6192105d6a272f4c5c1465cc8.jpg,4032,3024,1 euro,540,637,1705,1742
154_jpg.rf.367253e6192105d6a272f4c5c1465cc8.jpg,4032,3024,1 centime,1204,1595,2070,2436
239_jpg.rf.38cf8aec0a3610e8071923dcbc608db5.jpg,1200,1600,2 centimes,671,674,758,762
239_jpg.rf.38cf8aec0a3610e8071923dcbc608db5.jpg,1200,1600,1 centime,308,641,386,716
239_jpg.rf.38cf8aec0a3610e8071923dcbc608db5.jpg,1200,1600,1 centime,517,675,591,747
239_jpg.rf.38cf8aec0a3610e8071923dcbc608db5.jpg,1200,1600,1 centime,278,822,355,903
239_jpg.rf.38cf8aec0a3610e8071923dcbc608db5.jpg,1200,1600,1 centime,623,455,695,528
239_jpg.rf.38cf8aec0a3610e8071923dcbc608db5.jpg,1200,1600,1 centime,347,937,423,1013
239_jpg.rf.38cf8aec0a3610e8071923dcbc608db5.jpg,1200,1600,1 centime,463,1110,543,1193
239_jpg.rf.38cf8aec0a3610e8071923dcbc608db5.jpg,1200,1600,verso-bronze,425,497,502,574
239_jpg.rf.38cf8aec0a3610e8071923dcbc608db5.jpg,1200,1600,verso-bronze,812,695,891,773
239_jpg.rf.38cf8aec0a3610e8071923dcbc608db5.jpg,1200,1600,verso-bronze,407,781,487,857
239_jpg.rf.38cf8aec0a3610e8071923dcbc608db5.jpg,1200,1600,verso-bronze,826,891,918,979
239_jpg.rf.38cf8aec0a3610e8071923dcbc608db5.jpg,1200,1600,verso-bronze,688,1060,765,1135
239_jpg.rf.38cf8aec0a3610e8071923dcbc608db5.jpg,1200,1600,verso-bronze,474,914,576,1019
239_jpg.rf.38cf8aec0a3610e8071923dcbc608db5.jpg,1200,1600,verso-bronze,620,893,700,971
120_jpg.rf.34d78050eb8018f83f900997f27d455b.jpg,5712,4284,50 centimes,2021,1628,2398,2008
120_jpg.rf.34d78050eb8018f83f900997f27d455b.jpg,5712,4284,5 centimes,1578,1848,1905,2175
120_jpg.rf.34d78050eb8018f83f900997f27d455b.jpg,5712,4284,10 centimes,1676,2484,1981,2794
120_jpg.rf.34d78050eb8018f83f900997f27d455b.jpg,5712,4284,2 centimes,2954,2147,3242,2432
120_jpg.rf.34d78050eb8018f83f900997f27d455b.jpg,5712,4284,20 centimes,2854,1102,3204,1454
120_jpg.rf.34d78050eb8018f83f900997f27d455b.jpg,5712,4284,50 centimes,3414,1076,3797,1460
120_jpg.rf.34d78050eb8018f83f900997f27d455b.jpg,5712,4284,1 euro,3498,1793,3875,2164
120_jpg.rf.34d78050eb8018f83f900997f27d455b.jpg,5712,4284,verso-dore,3797,2062,4128,2379
120_jpg.rf.34d78050eb8018f83f900997f27d455b.jpg,5712,4284,verso-bronze,4661,2014,4930,2278
127_jpg.rf.4337c9f5d4e527955ee8abae19b4daf3.jpg,5712,4284,1 centime,1300,748,1729,1154
127_jpg.rf.4337c9f5d4e527955ee8abae19b4daf3.jpg,5712,4284,5 centimes,3634,552,4145,1081
127_jpg.rf.4337c9f5d4e527955ee8abae19b4daf3.jpg,5712,4284,50 centimes,2467,1324,3044,1897
127_jpg.rf.4337c9f5d4e527955ee8abae19b4daf3.jpg,5712,4284,2 centimes,2953,1709,3441,2169
127_jpg.rf.4337c9f5d4e527955ee8abae19b4daf3.jpg,5712,4284,20 centimes,2102,2072,2627,2597
127_jpg.rf.4337c9f5d4e527955ee8abae19b4daf3.jpg,5712,4284,10 centimes,2850,3305,3342,3766
127_jpg.rf.4337c9f5d4e527955ee8abae19b4daf3.jpg,5712,4284,50 centimes,2274,2763,2886,3380
127_jpg.rf.4337c9f5d4e527955ee8abae19b4daf3.jpg,5712,4284,2 euro,3154,2789,3825,3457
127_jpg.rf.4337c9f5d4e527955ee8abae19b4daf3.jpg,5712,4284,verso-dore,1557,1149,2092,1709
127_jpg.rf.4337c9f5d4e527955ee8abae19b4daf3.jpg,5712,4284,verso-bronze,1579,2197,2069,2699
127_jpg.rf.4337c9f5d4e527955ee8abae19b4daf3.jpg,5712,4284,verso-bronze,1823,2775,2244,3204
127_jpg.rf.4337c9f5d4e527955ee8abae19b4daf3.jpg,5712,4284,1 euro,3424,1464,4042,2087
146_jpg.rf.515c0f6719db4b125c9562ddb263a23d.jpg,1536,2048,20 centimes,490,591,826,922
146_jpg.rf.515c0f6719db4b125c9562ddb263a23d.jpg,1536,2048,1 euro,49,1429,405,1784
146_jpg.rf.515c0f6719db4b125c9562ddb263a23d.jpg,1536,2048,verso-dore,1019,201,1304,483
146_jpg.rf.515c0f6719db4b125c9562ddb263a23d.jpg,1536,2048,verso-dore,64,832,444,1212
146_jpg.rf.515c0f6719db4b125c9562ddb263a23d.jpg,1536,2048,verso-bronze,781,1440,1118,1775
114_jpg.rf.61441da7b62a6f44ba8848d6ef997db9.jpg,1200,1600,5 centimes,330,520,543,739
114_jpg.rf.61441da7b62a6f44ba8848d6ef997db9.jpg,1200,1600,1 euro,90,817,326,1062
114_jpg.rf.61441da7b62a6f44ba8848d6ef997db9.jpg,1200,1600,50 centimes,446,820,681,1073
114_jpg.rf.61441da7b62a6f44ba8848d6ef997db9.jpg,1200,1600,20 centimes,648,581,868,816
114_jpg.rf.61441da7b62a6f44ba8848d6ef997db9.jpg,1200,1600,10 centimes,763,854,965,1057
224_jpg.rf.5d58ccfd6756325ea0d0f13ecc9ef20a.jpg,1200,1600,20 centimes,446,785,669,1004
210_jpg.rf.5a59b2724cbfb3adde232c6ffc3c9741.jpg,900,1600,1 euro,359,621,536,799
210_jpg.rf.5a59b2724cbfb3adde232c6ffc3c9741.jpg,900,1600,5 centimes,157,862,317,1019
210_jpg.rf.5a59b2724cbfb3adde232c6ffc3c9741.jpg,900,1600,2 centimes,447,784,589,926
210_jpg.rf.5a59b2724cbfb3adde232c6ffc3c9741.jpg,900,1600,2 centimes,749,467,900,621
210_jpg.rf.5a59b2724cbfb3adde232c6ffc3c9741.jpg,900,1600,5 centimes,179,248,347,422
210_jpg.rf.5a59b2724cbfb3adde232c6ffc3c9741.jpg,900,1600,verso-bronze,524,576,675,731
210_jpg.rf.5a59b2724cbfb3adde232c6ffc3c9741.jpg,900,1600,verso-bronze,618,973,749,1099
210_jpg.rf.5a59b2724cbfb3adde232c6ffc3c9741.jpg,900,1600,verso-dore,163,681,347,865
210_jpg.rf.5a59b2724cbfb3adde232c6ffc3c9741.jpg,900,1600,verso-dore,586,824,738,975
235_jpg.rf.5a68ca7f94f01831f37818269325bca5.jpg,1844,2359,5 centimes,593,972,1044,1405
235_jpg.rf.5a68ca7f94f01831f37818269325bca5.jpg,1844,2359,verso-bronze,170,583,512,919
235_jpg.rf.5a68ca7f94f01831f37818269325bca5.jpg,1844,2359,verso-bronze,686,255,1035,600
235_jpg.rf.5a68ca7f94f01831f37818269325bca5.jpg,1844,2359,verso-dore,741,1610,1153,2011
235_jpg.rf.5a68ca7f94f01831f37818269325bca5.jpg,1844,2359,verso-dore,1242,517,1760,1041
235_jpg.rf.5a68ca7f94f01831f37818269325bca5.jpg,1844,2359,verso-dore,1264,1101,1734,1568
231_jpg.rf.6718e3b0c866aca51f5610116e9310a9.jpg,1200,1600,20 centimes,439,709,688,953
149_jpg.rf.635551601a808203139c3ab7a2093dc5.jpg,2048,1536,20 centimes,1581,539,1952,931
149_jpg.rf.635551601a808203139c3ab7a2093dc5.jpg,2048,1536,5 centimes,661,438,1047,818
149_jpg.rf.635551601a808203139c3ab7a2093dc5.jpg,2048,1536,50 centimes,645,892,1074,1298
149_jpg.rf.635551601a808203139c3ab7a2093dc5.jpg,2048,1536,10 centimes,244,1114,573,1432
149_jpg.rf.635551601a808203139c3ab7a2093dc5.jpg,2048,1536,1 euro,224,702,640,1111
26_jpg.rf.5d5779b285380a47779c9735f560e406.jpg,1512,2016,1 euro,590,290,900,596
26_jpg.rf.5d5779b285380a47779c9735f560e406.jpg,1512,2016,50 centimes,82,558,390,870
26_jpg.rf.5d5779b285380a47779c9735f560e406.jpg,1512,2016,2 euro,650,1138,982,1472
26_jpg.rf.5d5779b285380a47779c9735f560e406.jpg,1512,2016,2 euro,830,1640,1153,1965
26_jpg.rf.5d5779b285380a47779c9735f560e406.jpg,1512,2016,10 centimes,770,758,1033,1017
26_jpg.rf.5d5779b285380a47779c9735f560e406.jpg,1512,2016,10 centimes,151,1160,401,1411
26_jpg.rf.5d5779b285380a47779c9735f560e406.jpg,1512,2016,10 centimes,371,1586,623,1831
26_jpg.rf.5d5779b285380a47779c9735f560e406.jpg,1512,2016,1 centime,1235,1411,1457,1632
64_jpg.rf.66ec624b7582d0e49b9a75b87b6700cd.jpg,1512,1814,10 centimes,224,408,538,723
64_jpg.rf.66ec624b7582d0e49b9a75b87b6700cd.jpg,1512,1814,1 euro,736,536,1114,909
64_jpg.rf.66ec624b7582d0e49b9a75b87b6700cd.jpg,1512,1814,5 centimes,180,921,508,1271
64_jpg.rf.66ec624b7582d0e49b9a75b87b6700cd.jpg,1512,1814,2 euro,666,1033,1096,1463
64_jpg.rf.66ec624b7582d0e49b9a75b87b6700cd.jpg,1512,1814,1 centime,453,1418,731,1691
205_jpg.rf.5980895d538181fe3443b3d39efe5283.jpg,900,1600,50 centimes,283,686,369,772
205_jpg.rf.5980895d538181fe3443b3d39efe5283.jpg,900,1600,1 centime,446,563,501,621
205_jpg.rf.5980895d538181fe3443b3d39efe5283.jpg,900,1600,1 euro,573,1052,666,1142
205_jpg.rf.5980895d538181fe3443b3d39efe5283.jpg,900,1600,verso-dore,602,767,693,853
205_jpg.rf.5980895d538181fe3443b3d39efe5283.jpg,900,1600,verso-bronze,361,1075,435,1146
205_jpg.rf.5980895d538181fe3443b3d39efe5283.jpg,900,1600,verso-bronze,429,1227,509,1307
205_jpg.rf.5980895d538181fe3443b3d39efe5283.jpg,900,1600,1 euro,125,935,215,1026
271_jpg.rf.56b0adb326e53d867da56baf2ee648b5.jpg,2650,2259,2 euro,322,647,919,1252
271_jpg.rf.56b0adb326e53d867da56baf2ee648b5.jpg,2650,2259,1 centime,1251,151,1610,505
271_jpg.rf.56b0adb326e53d867da56baf2ee648b5.jpg,2650,2259,2 centimes,1822,195,2229,591
271_jpg.rf.56b0adb326e53d867da56baf2ee648b5.jpg,2650,2259,20 centimes,1106,695,1611,1179
271_jpg.rf.56b0adb326e53d867da56baf2ee648b5.jpg,2650,2259,10 centimes,1798,756,2247,1216
271_jpg.rf.56b0adb326e53d867da56baf2ee648b5.jpg,2650,2259,1 euro,938,1419,1505,2016
271_jpg.rf.56b0adb326e53d867da56baf2ee648b5.jpg,2650,2259,50 centimes,1829,1456,2412,2080
32_jpg.rf.539cd61e82a4ad20c4ea7192822b07e4.jpg,2240,2008,5 centimes,1215,169,1996,962
32_jpg.rf.539cd61e82a4ad20c4ea7192822b07e4.jpg,2240,2008,20 centimes,867,1107,1649,1925
32_jpg.rf.539cd61e82a4ad20c4ea7192822b07e4.jpg,2240,2008,verso-bronze,311,224,1045,919
57_jpeg.rf.56ab83915f770ca6a099d3de94c6e2f8.jpg,1536,2048,2 euro,217,663,538,982
57_jpeg.rf.56ab83915f770ca6a099d3de94c6e2f8.jpg,1536,2048,5 centimes,528,362,801,631
57_jpeg.rf.56ab83915f770ca6a099d3de94c6e2f8.jpg,1536,2048,verso-dore,401,1002,676,1275
173_jpg.rf.62259aa17c1713174eafbd29c761c194.jpg,1152,2048,1 euro,404,1035,588,1215
173_jpg.rf.62259aa17c1713174eafbd29c761c194.jpg,1152,2048,1 euro,355,201,544,390
173_jpg.rf.62259aa17c1713174eafbd29c761c194.jpg,1152,2048,2 euro,861,636,1080,850
173_jpg.rf.62259aa17c1713174eafbd29c761c194.jpg,1152,2048,50 centimes,540,807,734,993
173_jpg.rf.62259aa17c1713174eafbd29c761c194.jpg,1152,2048,50 centimes,685,1184,880,1370
173_jpg.rf.62259aa17c1713174eafbd29c761c194.jpg,1152,2048,10 centimes,100,964,263,1122
173_jpg.rf.62259aa17c1713174eafbd29c761c194.jpg,1152,2048,1 centime,759,894,892,1018
173_jpg.rf.62259aa17c1713174eafbd29c761c194.jpg,1152,2048,2 euro,240,465,445,663
173_jpg.rf.62259aa17c1713174eafbd29c761c194.jpg,1152,2048,verso-bronze,437,428,568,551
173_jpg.rf.62259aa17c1713174eafbd29c761c194.jpg,1152,2048,verso-dore,586,367,777,551
173_jpg.rf.62259aa17c1713174eafbd29c761c194.jpg,1152,2048,verso-bronze,832,471,1003,637
148_jpg.rf.6c1f3d36684f65778ff3aaf4a849d34a.jpg,1536,2048,20 centimes,365,369,673,690
148_jpg.rf.6c1f3d36684f65778ff3aaf4a849d34a.jpg,1536,2048,1 euro,698,916,1024,1234
148_jpg.rf.6c1f3d36684f65778ff3aaf4a849d34a.jpg,1536,2048,verso-dore,782,210,1062,495
148_jpg.rf.6c1f3d36684f65778ff3aaf4a849d34a.jpg,1536,2048,verso-bronze,446,1287,733,1566
152_jpg.rf.5002ea65abcefaea713ad429240e073f.jpg,2268,3024,2 euro,630,98,1565,1126
152_jpg.rf.5002ea65abcefaea713ad429240e073f.jpg,2268,3024,5 centimes,439,1131,1300,2009
152_jpg.rf.5002ea65abcefaea713ad429240e073f.jpg,2268,3024,2 centimes,1249,1458,1894,2164
152_jpg.rf.5002ea65abcefaea713ad429240e073f.jpg,2268,3024,1 euro,488,2044,1399,2947
161_jpeg.rf.6adaf9f83f7bdd41513ae1b5e785f6e9.jpg,1512,2016,1 euro,398,858,1013,1464
184_jpg.rf.55905412e6e681b6656734f95b01336b.jpg,3072,4080,50 centimes,275,1254,1436,2411
184_jpg.rf.55905412e6e681b6656734f95b01336b.jpg,3072,4080,verso-bronze,1778,2015,2791,3037
1_jpg.rf.5cf0c025c7fdf9f1bf127c2c3aceb4f6.jpg,4000,3000,20 centimes,746,459,1548,1258
1_jpg.rf.5cf0c025c7fdf9f1bf127c2c3aceb4f6.jpg,4000,3000,50 centimes,714,1509,1636,2422
1_jpg.rf.5cf0c025c7fdf9f1bf127c2c3aceb4f6.jpg,4000,3000,2 euro,2441,1050,3320,1998
102_jpg.rf.60fda718f00122b4a75f9f22d905962f.jpg,3000,4000,20 centimes,428,905,1399,1877
102_jpg.rf.60fda718f00122b4a75f9f22d905962f.jpg,3000,4000,50 centimes,1862,1366,2924,2415
102_jpg.rf.60fda718f00122b4a75f9f22d905962f.jpg,3000,4000,10 centimes,196,1953,1055,2812
102_jpg.rf.60fda718f00122b4a75f9f22d905962f.jpg,3000,4000,50 centimes,1285,2688,2354,3783
25_jpg.rf.4f061d5db8a123c367efef3939a81e67.jpg,1200,1600,1 euro,100,719,312,939
25_jpg.rf.4f061d5db8a123c367efef3939a81e67.jpg,1200,1600,5 centimes,282,391,482,583
25_jpg.rf.4f061d5db8a123c367efef3939a81e67.jpg,1200,1600,5 centimes,706,450,913,651
25_jpg.rf.4f061d5db8a123c367efef3939a81e67.jpg,1200,1600,50 centimes,469,875,708,1110
25_jpg.rf.4f061d5db8a123c367efef3939a81e67.jpg,1200,1600,10 centimes,186,1015,388,1216
25_jpg.rf.4f061d5db8a123c367efef3939a81e67.jpg,1200,1600,2 euro,772,1010,1025,1264
7_jpg.rf.7121443232cba0f48bc64dc11a2062be.jpg,3000,4000,2 euro,1702,1878,2610,2794
7_jpg.rf.7121443232cba0f48bc64dc11a2062be.jpg,3000,4000,1 euro,460,1291,1281,2094
53_jpeg.rf.63df43d2e7468d5fe78cf59251bae4ab.jpg,2048,1536,2 centimes,321,553,628,837
53_jpeg.rf.63df43d2e7468d5fe78cf59251bae4ab.jpg,2048,1536,10 centimes,506,301,796,584
53_jpeg.rf.63df43d2e7468d5fe78cf59251bae4ab.jpg,2048,1536,1 euro,597,598,934,953
53_jpeg.rf.63df43d2e7468d5fe78cf59251bae4ab.jpg,2048,1536,5 centimes,813,363,1119,669
53_jpeg.rf.63df43d2e7468d5fe78cf59251bae4ab.jpg,2048,1536,5 centimes,1069,208,1371,506
53_jpeg.rf.63df43d2e7468d5fe78cf59251bae4ab.jpg,2048,1536,10 centimes,1112,526,1403,812
53_jpeg.rf.63df43d2e7468d5fe78cf59251bae4ab.jpg,2048,1536,1 euro,918,764,1256,1110
53_jpeg.rf.63df43d2e7468d5fe78cf59251bae4ab.jpg,2048,1536,1 euro,1253,827,1592,1180
53_jpeg.rf.63df43d2e7468d5fe78cf59251bae4ab.jpg,2048,1536,10 centimes,1412,495,1698,777
269_jpg.rf.6650e26b703f90f137a7d8160899bdaa.jpg,3166,2087,10 centimes,736,402,1169,832
269_jpg.rf.6650e26b703f90f137a7d8160899bdaa.jpg,3166,2087,20 centimes,418,890,902,1372
269_jpg.rf.6650e26b703f90f137a7d8160899bdaa.jpg,3166,2087,20 centimes,1309,376,1783,851
269_jpg.rf.6650e26b703f90f137a7d8160899bdaa.jpg,3166,2087,2 centimes,2245,121,2646,526
269_jpg.rf.6650e26b703f90f137a7d8160899bdaa.jpg,3166,2087,1 euro,2580,656,3077,1156
269_jpg.rf.6650e26b703f90f137a7d8160899bdaa.jpg,3166,2087,2 euro,2382,1414,2939,1968
269_jpg.rf.6650e26b703f90f137a7d8160899bdaa.jpg,3166,2087,50 centimes,941,1311,1464,1832
269_jpg.rf.6650e26b703f90f137a7d8160899bdaa.jpg,3166,2087,5 centimes,1933,734,2385,1190
269_jpg.rf.6650e26b703f90f137a7d8160899bdaa.jpg,3166,2087,1 centime,1689,1462,2036,1828
116_jpg.rf.6abe7cad50e7fff9eb63ecd49606fb9c.jpg,4000,3000,20 centimes,738,451,1574,1295
116_jpg.rf.6abe7cad50e7fff9eb63ecd49606fb9c.jpg,4000,3000,50 centimes,732,1536,1634,2427
116_jpg.rf.6abe7cad50e7fff9eb63ecd49606fb9c.jpg,4000,3000,2 euro,2430,1047,3325,1995
204_jpg.rf.73371d31c2c58562b41ef77f45b658eb.jpg,900,1600,1 euro,219,691,327,795
204_jpg.rf.73371d31c2c58562b41ef77f45b658eb.jpg,900,1600,5 centimes,449,661,545,760
204_jpg.rf.73371d31c2c58562b41ef77f45b658eb.jpg,900,1600,2 euro,493,778,616,898
204_jpg.rf.73371d31c2c58562b41ef77f45b658eb.jpg,900,1600,20 centimes,459,885,560,984
204_jpg.rf.73371d31c2c58562b41ef77f45b658eb.jpg,900,1600,10 centimes,179,909,269,1000
204_jpg.rf.73371d31c2c58562b41ef77f45b658eb.jpg,900,1600,50 centimes,281,983,384,1090
204_jpg.rf.73371d31c2c58562b41ef77f45b658eb.jpg,900,1600,1 euro,389,954,493,1058
204_jpg.rf.73371d31c2c58562b41ef77f45b658eb.jpg,900,1600,20 centimes,603,952,710,1055
204_jpg.rf.73371d31c2c58562b41ef77f45b658eb.jpg,900,1600,10 centimes,598,1098,688,1186
204_jpg.rf.73371d31c2c58562b41ef77f45b658eb.jpg,900,1600,verso-bronze,605,840,690,919
204_jpg.rf.73371d31c2c58562b41ef77f45b658eb.jpg,900,1600,verso-bronze,214,1076,293,1155
204_jpg.rf.73371d31c2c58562b41ef77f45b658eb.jpg,900,1600,1 euro,448,1067,560,1184
204_jpg.rf.73371d31c2c58562b41ef77f45b658eb.jpg,900,1600,2 euro,274,811,397,928
15_JPG.rf.85192ebb2f65650641ab206a1e03aa29.jpg,768,1024,2 euro,117,219,313,420
15_JPG.rf.85192ebb2f65650641ab206a1e03aa29.jpg,768,1024,2 euro,413,494,603,689
15_JPG.rf.85192ebb2f65650641ab206a1e03aa29.jpg,768,1024,1 euro,63,430,239,604
15_JPG.rf.85192ebb2f65650641ab206a1e03aa29.jpg,768,1024,50 centimes,344,286,523,464
15_JPG.rf.85192ebb2f65650641ab206a1e03aa29.jpg,768,1024,1 centime,558,369,685,495
15_JPG.rf.85192ebb2f65650641ab206a1e03aa29.jpg,768,1024,1 centime,252,434,374,559
15_JPG.rf.85192ebb2f65650641ab206a1e03aa29.jpg,768,1024,10 centimes,203,591,348,740
15_JPG.rf.85192ebb2f65650641ab206a1e03aa29.jpg,768,1024,5 centimes,352,689,515,855
279_jpg.rf.83db621806dd67e777569a60a50bc6a1.jpg,3000,4000,50 centimes,1258,1722,1992,2458
279_jpg.rf.83db621806dd67e777569a60a50bc6a1.jpg,3000,4000,10 centimes,1133,2734,1733,3359
279_jpg.rf.83db621806dd67e777569a60a50bc6a1.jpg,3000,4000,20 centimes,2133,2372,2846,3081
279_jpg.rf.83db621806dd67e777569a60a50bc6a1.jpg,3000,4000,10 centimes,406,992,959,1557
279_jpg.rf.83db621806dd67e777569a60a50bc6a1.jpg,3000,4000,5 centimes,2439,1266,3000,1924
279_jpg.rf.83db621806dd67e777569a60a50bc6a1.jpg,3000,4000,2 euro,1218,776,1992,1548
279_jpg.rf.83db621806dd67e777569a60a50bc6a1.jpg,3000,4000,1 euro,365,1957,1037,2643
226_jpg.rf.8200b6fc73222ae3bbd864b39e4ee651.jpg,1200,1600,10 centimes,419,738,688,998
58_jpeg.rf.8bdb9c1c63dc1d5d0b241ef6ec09872b.jpg,2048,1536,1 euro,665,401,1022,745
58_jpeg.rf.8bdb9c1c63dc1d5d0b241ef6ec09872b.jpg,2048,1536,50 centimes,970,239,1343,586
58_jpeg.rf.8bdb9c1c63dc1d5d0b241ef6ec09872b.jpg,2048,1536,10 centimes,462,229,760,507
58_jpeg.rf.8bdb9c1c63dc1d5d0b241ef6ec09872b.jpg,2048,1536,1 centime,745,80,978,300
58_jpeg.rf.8bdb9c1c63dc1d5d0b241ef6ec09872b.jpg,2048,1536,2 centimes,417,581,708,871
58_jpeg.rf.8bdb9c1c63dc1d5d0b241ef6ec09872b.jpg,2048,1536,2 centimes,1053,580,1343,853
87_jpg.rf.790b88607647e7f41d508076334e3d7e.jpg,1500,2000,2 euro,513,933,978,1404
216_jpg.rf.92a698fe322f3ecfe69aa12c81ac2b25.jpg,1200,1600,10 centimes,252,838,357,936
216_jpg.rf.92a698fe322f3ecfe69aa12c81ac2b25.jpg,1200,1600,50 centimes,707,736,832,857
216_jpg.rf.92a698fe322f3ecfe69aa12c81ac2b25.jpg,1200,1600,10 centimes,570,364,659,444
216_jpg.rf.92a698fe322f3ecfe69aa12c81ac2b25.jpg,1200,1600,5 centimes,346,623,449,719
216_jpg.rf.92a698fe322f3ecfe69aa12c81ac2b25.jpg,1200,1600,5 centimes,513,481,611,570
216_jpg.rf.92a698fe322f3ecfe69aa12c81ac2b25.jpg,1200,1600,verso-bronze,473,1130,563,1225
216_jpg.rf.92a698fe322f3ecfe69aa12c81ac2b25.jpg,1200,1600,verso-dore,938,426,1049,518
216_jpg.rf.92a698fe322f3ecfe69aa12c81ac2b25.jpg,1200,1600,verso-dore,1024,666,1139,775
216_jpg.rf.92a698fe322f3ecfe69aa12c81ac2b25.jpg,1200,1600,verso-bronze,885,647,999,750
216_jpg.rf.92a698fe322f3ecfe69aa12c81ac2b25.jpg,1200,1600,verso-dore,657,565,753,654
216_jpg.rf.92a698fe322f3ecfe69aa12c81ac2b25.jpg,1200,1600,verso-bronze,770,333,851,400
216_jpg.rf.92a698fe322f3ecfe69aa12c81ac2b25.jpg,1200,1600,verso-dore,577,820,697,935
216_jpg.rf.92a698fe322f3ecfe69aa12c81ac2b25.jpg,1200,1600,verso-bronze,101,290,197,378
49_jpeg.rf.80645c5d685d6b8249b8e9bcf3e23139.jpg,2048,1536,1 euro,567,215,819,450
49_jpeg.rf.80645c5d685d6b8249b8e9bcf3e23139.jpg,2048,1536,1 euro,1106,511,1352,750
49_jpeg.rf.80645c5d685d6b8249b8e9bcf3e23139.jpg,2048,1536,1 euro,1271,703,1522,957
49_jpeg.rf.80645c5d685d6b8249b8e9bcf3e23139.jpg,2048,1536,1 euro,1476,831,1729,1092
49_jpeg.rf.80645c5d685d6b8249b8e9bcf3e23139.jpg,2048,1536,50 centimes,884,101,1149,344
49_jpeg.rf.80645c5d685d6b8249b8e9bcf3e23139.jpg,2048,1536,2 centimes,1266,141,1479,327
49_jpeg.rf.80645c5d685d6b8249b8e9bcf3e23139.jpg,2048,1536,2 centimes,667,436,883,641
49_jpeg.rf.80645c5d685d6b8249b8e9bcf3e23139.jpg,2048,1536,2 centimes,846,326,1054,522
49_jpeg.rf.80645c5d685d6b8249b8e9bcf3e23139.jpg,2048,1536,1 centime,399,336,593,513
49_jpeg.rf.80645c5d685d6b8249b8e9bcf3e23139.jpg,2048,1536,1 centime,704,924,891,1119
49_jpeg.rf.80645c5d685d6b8249b8e9bcf3e23139.jpg,2048,1536,5 centimes,1511,320,1730,537
49_jpeg.rf.80645c5d685d6b8249b8e9bcf3e23139.jpg,2048,1536,5 centimes,1290,321,1508,523
49_jpeg.rf.80645c5d685d6b8249b8e9bcf3e23139.jpg,2048,1536,5 centimes,267,686,516,920
49_jpeg.rf.80645c5d685d6b8249b8e9bcf3e23139.jpg,2048,1536,5 centimes,1132,924,1379,1167
49_jpeg.rf.80645c5d685d6b8249b8e9bcf3e23139.jpg,2048,1536,5 centimes,887,944,1135,1195
49_jpeg.rf.80645c5d685d6b8249b8e9bcf3e23139.jpg,2048,1536,10 centimes,1070,313,1277,517
49_jpeg.rf.80645c5d685d6b8249b8e9bcf3e23139.jpg,2048,1536,10 centimes,450,489,679,698
49_jpeg.rf.80645c5d685d6b8249b8e9bcf3e23139.jpg,2048,1536,10 centimes,383,889,624,1118
49_jpeg.rf.80645c5d685d6b8249b8e9bcf3e23139.jpg,2048,1536,10 centimes,586,1094,822,1333
49_jpeg.rf.80645c5d685d6b8249b8e9bcf3e23139.jpg,2048,1536,10 centimes,888,514,1103,726
49_jpeg.rf.80645c5d685d6b8249b8e9bcf3e23139.jpg,2048,1536,10 centimes,1424,547,1636,757
49_jpeg.rf.80645c5d685d6b8249b8e9bcf3e23139.jpg,2048,1536,10 centimes,1621,608,1838,825
49_jpeg.rf.80645c5d685d6b8249b8e9bcf3e23139.jpg,2048,1536,10 centimes,1025,731,1243,946
49_jpeg.rf.80645c5d685d6b8249b8e9bcf3e23139.jpg,2048,1536,20 centimes,783,702,1018,943
49_jpeg.rf.80645c5d685d6b8249b8e9bcf3e23139.jpg,2048,1536,20 centimes,519,682,776,928
167_jpeg.rf.7a663ff452aa98ef3fbe151492121b81.jpg,1423,1600,1 euro,685,688,955,916
167_jpeg.rf.7a663ff452aa98ef3fbe151492121b81.jpg,1423,1600,2 euro,540,900,849,1158
167_jpeg.rf.7a663ff452aa98ef3fbe151492121b81.jpg,1423,1600,2 euro,480,1218,776,1483
167_jpeg.rf.7a663ff452aa98ef3fbe151492121b81.jpg,1423,1600,20 centimes,496,584,750,833
272_jpg.rf.956ce084d44c207c15e5435d72e30e5f.jpg,1808,3000,2 euro,1076,187,1558,702
272_jpg.rf.956ce084d44c207c15e5435d72e30e5f.jpg,1808,3000,5 centimes,375,667,770,1045
272_jpg.rf.956ce084d44c207c15e5435d72e30e5f.jpg,1808,3000,20 centimes,120,1288,519,1688
272_jpg.rf.956ce084d44c207c15e5435d72e30e5f.jpg,1808,3000,1 euro,592,1469,995,1879
272_jpg.rf.956ce084d44c207c15e5435d72e30e5f.jpg,1808,3000,50 centimes,91,2024,512,2471
272_jpg.rf.956ce084d44c207c15e5435d72e30e5f.jpg,1808,3000,10 centimes,739,2056,1093,2402
272_jpg.rf.956ce084d44c207c15e5435d72e30e5f.jpg,1808,3000,1 centime,1292,1815,1588,2126
272_jpg.rf.956ce084d44c207c15e5435d72e30e5f.jpg,1808,3000,2 centimes,1255,2448,1613,2793
93_JPG.rf.943c5150a838500ab968e4865886f861.jpg,1024,768,2 centimes,357,371,551,562
133_jpeg.rf.8963cb8c4401f3990d51056d73cbe86e.jpg,585,1266,10 centimes,55,416,258,611
133_jpeg.rf.8963cb8c4401f3990d51056d73cbe86e.jpg,585,1266,2 euro,273,538,554,816
133_jpeg.rf.8963cb8c4401f3990d51056d73cbe86e.jpg,585,1266,2 centimes,50,696,242,900
98_jpg.rf.8de1b0a938f3ae41abc29887d87471e7.jpg,2144,1720,20 centimes,396,694,1191,1484
98_jpg.rf.8de1b0a938f3ae41abc29887d87471e7.jpg,2144,1720,5 centimes,1242,312,1990,1042
98_jpg.rf.8de1b0a938f3ae41abc29887d87471e7.jpg,2144,1720,verso-bronze,248,568,831,1160
253_jpg.rf.8419f4a662352ff1b35e46a5cd661257.jpg,3024,4032,1 euro,214,1403,862,2045
253_jpg.rf.8419f4a662352ff1b35e46a5cd661257.jpg,3024,4032,10 centimes,1208,1168,1766,1740
253_jpg.rf.8419f4a662352ff1b35e46a5cd661257.jpg,3024,4032,1 centime,1942,1239,2454,1754
253_jpg.rf.8419f4a662352ff1b35e46a5cd661257.jpg,3024,4032,20 centimes,1168,1935,1782,2577
253_jpg.rf.8419f4a662352ff1b35e46a5cd661257.jpg,3024,4032,2 centimes,1883,1981,2472,2542
253_jpg.rf.8419f4a662352ff1b35e46a5cd661257.jpg,3024,4032,2 euro,230,2465,957,3207
253_jpg.rf.8419f4a662352ff1b35e46a5cd661257.jpg,3024,4032,50 centimes,1068,2793,1793,3525
253_jpg.rf.8419f4a662352ff1b35e46a5cd661257.jpg,3024,4032,5 centimes,1927,2762,2594,3403
206_jpg.rf.91f0286d320fb5838c60189fc80e16fb.jpg,1600,900,2 euro,721,543,867,686
206_jpg.rf.91f0286d320fb5838c60189fc80e16fb.jpg,1600,900,10 centimes,541,651,654,759
206_jpg.rf.91f0286d320fb5838c60189fc80e16fb.jpg,1600,900,20 centimes,1159,681,1291,810
206_jpg.rf.91f0286d320fb5838c60189fc80e16fb.jpg,1600,900,1 euro,1247,385,1388,520
206_jpg.rf.91f0286d320fb5838c60189fc80e16fb.jpg,1600,900,2 centimes,1228,156,1341,263
206_jpg.rf.91f0286d320fb5838c60189fc80e16fb.jpg,1600,900,verso-bronze,846,276,973,405
206_jpg.rf.91f0286d320fb5838c60189fc80e16fb.jpg,1600,900,verso-bronze,1054,445,1150,541
206_jpg.rf.91f0286d320fb5838c60189fc80e16fb.jpg,1600,900,verso-dore,585,123,713,250
206_jpg.rf.91f0286d320fb5838c60189fc80e16fb.jpg,1600,900,1 euro,652,285,783,413
206_jpg.rf.91f0286d320fb5838c60189fc80e16fb.jpg,1600,900,1 euro,962,143,1101,280
206_jpg.rf.91f0286d320fb5838c60189fc80e16fb.jpg,1600,900,verso-dore,1094,303,1211,418
206_jpg.rf.91f0286d320fb5838c60189fc80e16fb.jpg,1600,900,2 euro,890,688,1039,836
206_jpg.rf.91f0286d320fb5838c60189fc80e16fb.jpg,1600,900,verso-dore,1073,529,1224,670
172_jpg.rf.931739422b16223c0a9d760cbdea722c.jpg,1870,2048,1 euro,710,116,1033,425
172_jpg.rf.931739422b16223c0a9d760cbdea722c.jpg,1870,2048,1 euro,722,1207,1042,1529
172_jpg.rf.931739422b16223c0a9d760cbdea722c.jpg,1870,2048,50 centimes,712,1645,1053,1967
172_jpg.rf.931739422b16223c0a9d760cbdea722c.jpg,1870,2048,2 euro,1401,881,1775,1250
172_jpg.rf.931739422b16223c0a9d760cbdea722c.jpg,1870,2048,50 centimes,1048,1448,1380,1789
172_jpg.rf.931739422b16223c0a9d760cbdea722c.jpg,1870,2048,10 centimes,468,1127,749,1405
172_jpg.rf.931739422b16223c0a9d760cbdea722c.jpg,1870,2048,10 centimes,680,922,962,1187
172_jpg.rf.931739422b16223c0a9d760cbdea722c.jpg,1870,2048,2 euro,669,528,1025,872
100_JPG.rf.87844be4db5c41ed98cfa8b99877f360.jpg,768,1024,2 euro,171,196,392,423
100_JPG.rf.87844be4db5c41ed98cfa8b99877f360.jpg,768,1024,5 centimes,390,251,573,439
100_JPG.rf.87844be4db5c41ed98cfa8b99877f360.jpg,768,1024,20 centimes,502,460,697,646
100_JPG.rf.87844be4db5c41ed98cfa8b99877f360.jpg,768,1024,10 centimes,157,621,334,796
100_JPG.rf.87844be4db5c41ed98cfa8b99877f360.jpg,768,1024,1 centime,418,675,563,816
100_JPG.rf.87844be4db5c41ed98cfa8b99877f360.jpg,768,1024,verso-bronze,124,418,261,558
100_JPG.rf.87844be4db5c41ed98cfa8b99877f360.jpg,768,1024,1 euro,284,451,485,650
75_JPG.rf.97a2d1ea4329903552fa20d8343b3b36.jpg,1024,768,2 euro,235,126,513,415
75_JPG.rf.97a2d1ea4329903552fa20d8343b3b36.jpg,1024,768,1 euro,592,147,859,409
75_JPG.rf.97a2d1ea4329903552fa20d8343b3b36.jpg,1024,768,20 centimes,352,440,604,691
111_jpeg.rf.7640e4b2dcf21764b0a31beecd54b205.jpg,1536,2048,2 euro,602,290,943,629
111_jpeg.rf.7640e4b2dcf21764b0a31beecd54b205.jpg,1536,2048,verso-dore,536,817,840,1120
111_jpeg.rf.7640e4b2dcf21764b0a31beecd54b205.jpg,1536,2048,verso-dore,816,1044,1109,1343
111_jpeg.rf.7640e4b2dcf21764b0a31beecd54b205.jpg,1536,2048,verso-bronze,306,1256,524,1483
111_jpeg.rf.7640e4b2dcf21764b0a31beecd54b205.jpg,1536,2048,verso-bronze,820,1398,1139,1721
180_jpg.rf.8e4d52d9a349440ec24fa74ad6789079.jpg,1500,2000,1 euro,673,1205,1177,1690
180_jpg.rf.8e4d52d9a349440ec24fa74ad6789079.jpg,1500,2000,2 centimes,633,546,1031,971
221_jpg.rf.9608e2f2164af904c2a50e3d17db6eee.jpg,4640,3472,10 centimes,1544,1853,1975,2284
221_jpg.rf.9608e2f2164af904c2a50e3d17db6eee.jpg,4640,3472,10 centimes,1236,1292,1635,1711
221_jpg.rf.9608e2f2164af904c2a50e3d17db6eee.jpg,4640,3472,50 centimes,2673,2266,3217,2805
221_jpg.rf.9608e2f2164af904c2a50e3d17db6eee.jpg,4640,3472,5 centimes,1885,2210,2333,2673
221_jpg.rf.9608e2f2164af904c2a50e3d17db6eee.jpg,4640,3472,1 euro,2914,1401,3279,1769
221_jpg.rf.9608e2f2164af904c2a50e3d17db6eee.jpg,4640,3472,verso-dore,1808,649,2296,1145
221_jpg.rf.9608e2f2164af904c2a50e3d17db6eee.jpg,4640,3472,2 euro,2075,1334,2673,1916
115_jpg.rf.86bfcefb1533b332cdc60bc2ae8b8b6e.jpg,3000,4000,20 centimes,273,1512,1115,2340
115_jpg.rf.86bfcefb1533b332cdc60bc2ae8b8b6e.jpg,3000,4000,5 centimes,1221,737,1968,1498
115_jpg.rf.86bfcefb1533b332cdc60bc2ae8b8b6e.jpg,3000,4000,10 centimes,2047,1834,2808,2583
115_jpg.rf.86bfcefb1533b332cdc60bc2ae8b8b6e.jpg,3000,4000,1 centime,1336,2985,1984,3624
283_jpg.rf.89b8bdd81a709087f91f711531984057.jpg,1080,1920,1 euro,134,896,378,1128
283_jpg.rf.89b8bdd81a709087f91f711531984057.jpg,1080,1920,10 centimes,400,729,580,908
283_jpg.rf.89b8bdd81a709087f91f711531984057.jpg,1080,1920,2 centimes,592,444,768,626
283_jpg.rf.89b8bdd81a709087f91f711531984057.jpg,1080,1920,1 euro,676,802,889,1012
283_jpg.rf.89b8bdd81a709087f91f711531984057.jpg,1080,1920,2 centimes,452,994,632,1165
283_jpg.rf.89b8bdd81a709087f91f711531984057.jpg,1080,1920,1 centime,675,1225,818,1366
113_jpg.rf.73e4e89ff0b4a83820f302f910958f78.jpg,1536,2048,10 centimes,209,577,544,922
113_jpg.rf.73e4e89ff0b4a83820f302f910958f78.jpg,1536,2048,20 centimes,860,590,1228,972
113_jpg.rf.73e4e89ff0b4a83820f302f910958f78.jpg,1536,2048,5 centimes,475,1149,836,1525
132_jpeg.rf.85d071d46553d0ed852288238498f366.jpg,585,1266,50 centimes,361,612,580,832
132_jpeg.rf.85d071d46553d0ed852288238498f366.jpg,585,1266,5 centimes,140,550,333,732
132_jpeg.rf.85d071d46553d0ed852288238498f366.jpg,585,1266,2 centimes,6,712,170,880
132_jpeg.rf.85d071d46553d0ed852288238498f366.jpg,585,1266,20 centimes,199,781,400,982
237_jpg.rf.8eb7718d0488ce43ec9048a73cf86c3f.jpg,3000,4000,1 euro,2396,2191,2929,2728
237_jpg.rf.8eb7718d0488ce43ec9048a73cf86c3f.jpg,3000,4000,2 euro,968,2413,1533,2997
237_jpg.rf.8eb7718d0488ce43ec9048a73cf86c3f.jpg,3000,4000,verso-bronze,1239,1336,1709,1801
237_jpg.rf.8eb7718d0488ce43ec9048a73cf86c3f.jpg,3000,4000,verso-bronze,1092,3069,1449,3416
237_jpg.rf.8eb7718d0488ce43ec9048a73cf86c3f.jpg,3000,4000,verso-dore,267,2352,704,2796
237_jpg.rf.8eb7718d0488ce43ec9048a73cf86c3f.jpg,3000,4000,verso-dore,1734,2822,2211,3284
237_jpg.rf.8eb7718d0488ce43ec9048a73cf86c3f.jpg,3000,4000,verso-dore,1639,1837,2175,2384
237_jpg.rf.8eb7718d0488ce43ec9048a73cf86c3f.jpg,3000,4000,verso-bronze,509,1572,916,1981
232_jpg.rf.adb5ec485c88852f3aa2dbbe1cb37a7a.jpg,1200,1600,10 centimes,449,801,713,1050
9_jpg.rf.9925c9a5690810ac157e5e858bf5525a.jpg,3000,4000,50 centimes,179,1283,1154,2256
9_jpg.rf.9925c9a5690810ac157e5e858bf5525a.jpg,3000,4000,50 centimes,1961,1395,2936,2337
9_jpg.rf.9925c9a5690810ac157e5e858bf5525a.jpg,3000,4000,1 euro,1019,2381,1962,3336
260_png.rf.a55096ca3641f1c0b5bf2793477b2360.jpg,1170,2532,20 centimes,551,1492,803,1747
260_png.rf.a55096ca3641f1c0b5bf2793477b2360.jpg,1170,2532,50 centimes,840,1028,1093,1294
260_png.rf.a55096ca3641f1c0b5bf2793477b2360.jpg,1170,2532,20 centimes,220,804,470,1052
260_png.rf.a55096ca3641f1c0b5bf2793477b2360.jpg,1170,2532,20 centimes,170,1170,427,1429
260_png.rf.a55096ca3641f1c0b5bf2793477b2360.jpg,1170,2532,10 centimes,456,1249,675,1478
260_png.rf.a55096ca3641f1c0b5bf2793477b2360.jpg,1170,2532,10 centimes,712,1305,930,1532
260_png.rf.a55096ca3641f1c0b5bf2793477b2360.jpg,1170,2532,1 centime,603,1012,782,1193
260_png.rf.a55096ca3641f1c0b5bf2793477b2360.jpg,1170,2532,5 centimes,201,1444,449,1685
177_jpg.rf.a5f1e11f2bd41108597d35bd38f22b8f.jpg,3072,4080,50 centimes,767,2408,1972,3670
48_jpeg.rf.b785b9b67eb069d54f98c3171a36b4ef.jpg,1536,2048,2 euro,608,287,961,633
48_jpeg.rf.b785b9b67eb069d54f98c3171a36b4ef.jpg,1536,2048,verso-dore,538,829,834,1124
48_jpeg.rf.b785b9b67eb069d54f98c3171a36b4ef.jpg,1536,2048,verso-dore,817,1044,1128,1344
48_jpeg.rf.b785b9b67eb069d54f98c3171a36b4ef.jpg,1536,2048,verso-bronze,832,1392,1131,1723
48_jpeg.rf.b785b9b67eb069d54f98c3171a36b4ef.jpg,1536,2048,verso-bronze,303,1263,543,1504
86_jpg.rf.b36a3951bf5fdc238d1e7dc47ed2bc6e.jpg,1512,1841,2 euro,550,316,912,681
86_jpg.rf.b36a3951bf5fdc238d1e7dc47ed2bc6e.jpg,1512,1841,10 centimes,233,629,511,904
86_jpg.rf.b36a3951bf5fdc238d1e7dc47ed2bc6e.jpg,1512,1841,1 euro,855,992,1166,1302
86_jpg.rf.b36a3951bf5fdc238d1e7dc47ed2bc6e.jpg,1512,1841,10 centimes,301,1164,571,1426
86_jpg.rf.b36a3951bf5fdc238d1e7dc47ed2bc6e.jpg,1512,1841,50 centimes,764,1384,1086,1706
153_jpg.rf.9bbde0bb9ed6b88c86696a2baafcb815.jpg,2268,3024,1 centime,751,189,1426,857
153_jpg.rf.9bbde0bb9ed6b88c86696a2baafcb815.jpg,2268,3024,2 centimes,415,885,1221,1695
153_jpg.rf.9bbde0bb9ed6b88c86696a2baafcb815.jpg,2268,3024,20 centimes,1334,552,2158,1423
153_jpg.rf.9bbde0bb9ed6b88c86696a2baafcb815.jpg,2268,3024,5 centimes,1134,1444,1940,2258
153_jpg.rf.9bbde0bb9ed6b88c86696a2baafcb815.jpg,2268,3024,1 euro,217,1740,1184,2652
181_jpg.rf.a4517dfc523c022500e67cee82dd6ffa.jpg,1500,2000,10 centimes,317,545,758,994
181_jpg.rf.a4517dfc523c022500e67cee82dd6ffa.jpg,1500,2000,1 euro,799,1170,1327,1702
181_jpg.rf.a4517dfc523c022500e67cee82dd6ffa.jpg,1500,2000,50 centimes,241,1108,772,1650
181_jpg.rf.a4517dfc523c022500e67cee82dd6ffa.jpg,1500,2000,2 centimes,748,721,1196,1166
262_jpg.rf.aef2d6e8fd5a5711cdf0ca0cb3c7bc31.jpg,3024,4032,10 centimes,1758,2045,2608,2880
262_jpg.rf.aef2d6e8fd5a5711cdf0ca0cb3c7bc31.jpg,3024,4032,2 centimes,654,1869,1452,2660
262_jpg.rf.aef2d6e8fd5a5711cdf0ca0cb3c7bc31.jpg,3024,4032,1 centime,1066,2797,1768,3502
182_jpg.rf.c046a2e35e44826cfeeed2c6b53547c6.jpg,990,1600,1 euro,632,706,841,917
182_jpg.rf.c046a2e35e44826cfeeed2c6b53547c6.jpg,990,1600,10 centimes,25,576,210,751
182_jpg.rf.c046a2e35e44826cfeeed2c6b53547c6.jpg,990,1600,10 centimes,137,719,326,905
182_jpg.rf.c046a2e35e44826cfeeed2c6b53547c6.jpg,990,1600,5 centimes,509,1212,703,1397
182_jpg.rf.c046a2e35e44826cfeeed2c6b53547c6.jpg,990,1600,5 centimes,81,314,274,506
19_JPG.rf.bc317ffdd4544a8755926285aa13ab8e.jpg,768,1024,2 euro,171,197,387,418
19_JPG.rf.bc317ffdd4544a8755926285aa13ab8e.jpg,768,1024,1 euro,294,454,479,646
19_JPG.rf.bc317ffdd4544a8755926285aa13ab8e.jpg,768,1024,5 centimes,388,251,575,439
19_JPG.rf.bc317ffdd4544a8755926285aa13ab8e.jpg,768,1024,20 centimes,500,461,700,660
19_JPG.rf.bc317ffdd4544a8755926285aa13ab8e.jpg,768,1024,10 centimes,157,625,334,794
19_JPG.rf.bc317ffdd4544a8755926285aa13ab8e.jpg,768,1024,verso-bronze,118,418,265,562
19_JPG.rf.bc317ffdd4544a8755926285aa13ab8e.jpg,768,1024,1 centime,420,675,564,823
105_jpg.rf.bac3cd7b0c7444ea377c449045bd3687.jpg,1366,1822,20 centimes,236,286,564,602
105_jpg.rf.bac3cd7b0c7444ea377c449045bd3687.jpg,1366,1822,2 centimes,854,333,1129,605
105_jpg.rf.bac3cd7b0c7444ea377c449045bd3687.jpg,1366,1822,5 centimes,222,847,546,1166
105_jpg.rf.bac3cd7b0c7444ea377c449045bd3687.jpg,1366,1822,1 centime,868,912,1116,1162
52_jpeg.rf.c28a25589f60917e6c4bb061762b5bd0.jpg,1200,1600,verso-bronze,367,247,531,399
52_jpeg.rf.c28a25589f60917e6c4bb061762b5bd0.jpg,1200,1600,verso-bronze,93,451,236,585
52_jpeg.rf.c28a25589f60917e6c4bb061762b5bd0.jpg,1200,1600,verso-bronze,59,646,279,858
52_jpeg.rf.c28a25589f60917e6c4bb061762b5bd0.jpg,1200,1600,2 euro,557,521,777,739
52_jpeg.rf.c28a25589f60917e6c4bb061762b5bd0.jpg,1200,1600,1 euro,67,925,285,1162
52_jpeg.rf.c28a25589f60917e6c4bb061762b5bd0.jpg,1200,1600,50 centimes,465,863,695,1110
52_jpeg.rf.c28a25589f60917e6c4bb061762b5bd0.jpg,1200,1600,10 centimes,814,509,997,692
52_jpeg.rf.c28a25589f60917e6c4bb061762b5bd0.jpg,1200,1600,10 centimes,886,1100,1078,1314
276_jpg.rf.add00dbc6e6f96da44492cf39065fe65.jpg,1080,1920,2 euro,442,499,677,732
276_jpg.rf.add00dbc6e6f96da44492cf39065fe65.jpg,1080,1920,2 euro,264,752,502,988
276_jpg.rf.add00dbc6e6f96da44492cf39065fe65.jpg,1080,1920,1 euro,637,648,854,852
276_jpg.rf.add00dbc6e6f96da44492cf39065fe65.jpg,1080,1920,10 centimes,618,905,794,1078
276_jpg.rf.add00dbc6e6f96da44492cf39065fe65.jpg,1080,1920,20 centimes,359,977,560,1177
185_jpg.rf.b52f11af7ab218fe08447a97aca94c08.jpg,2048,1536,2 euro,344,42,772,474
185_jpg.rf.b52f11af7ab218fe08447a97aca94c08.jpg,2048,1536,2 euro,833,463,1268,904
185_jpg.rf.b52f11af7ab218fe08447a97aca94c08.jpg,2048,1536,50 centimes,628,851,1031,1265
185_jpg.rf.b52f11af7ab218fe08447a97aca94c08.jpg,2048,1536,20 centimes,1036,925,1424,1315
185_jpg.rf.b52f11af7ab218fe08447a97aca94c08.jpg,2048,1536,2 centimes,1485,954,1825,1291
185_jpg.rf.b52f11af7ab218fe08447a97aca94c08.jpg,2048,1536,1 euro,1447,329,1866,734
107_jpg.rf.c55b706522a7ad5dfa994ac3ab3ec310.jpg,1500,2000,50 centimes,592,490,867,763
107_jpg.rf.c55b706522a7ad5dfa994ac3ab3ec310.jpg,1500,2000,10 centimes,353,848,573,1065
107_jpg.rf.c55b706522a7ad5dfa994ac3ab3ec310.jpg,1500,2000,2 euro,665,1376,964,1681
107_jpg.rf.c55b706522a7ad5dfa994ac3ab3ec310.jpg,1500,2000,1 euro,807,845,1063,1094
107_jpg.rf.c55b706522a7ad5dfa994ac3ab3ec310.jpg,1500,2000,verso-bronze,569,1077,800,1327
107_jpg.rf.c55b706522a7ad5dfa994ac3ab3ec310.jpg,1500,2000,verso-dore,991,547,1250,792
50_jpeg.rf.a70933ba1d1e79eb2e9e63b29bf67084.jpg,1200,1600,1 euro,235,422,459,649
50_jpeg.rf.a70933ba1d1e79eb2e9e63b29bf67084.jpg,1200,1600,2 euro,270,960,550,1242
50_jpeg.rf.a70933ba1d1e79eb2e9e63b29bf67084.jpg,1200,1600,50 centimes,567,553,817,809
50_jpeg.rf.a70933ba1d1e79eb2e9e63b29bf67084.jpg,1200,1600,50 centimes,681,862,939,1126
50_jpeg.rf.a70933ba1d1e79eb2e9e63b29bf67084.jpg,1200,1600,10 centimes,824,528,1021,715
50_jpeg.rf.a70933ba1d1e79eb2e9e63b29bf67084.jpg,1200,1600,verso-dore,15,617,220,812
265_png.rf.c1bada075eb6c769534bc73628ea487e.jpg,1170,2532,50 centimes,383,882,1010,1525
71_JPG.rf.bc91b09da4f0d9986760e28c75872eb6.jpg,768,1024,2 euro,119,158,311,354
71_JPG.rf.bc91b09da4f0d9986760e28c75872eb6.jpg,768,1024,20 centimes,504,305,670,464
71_JPG.rf.bc91b09da4f0d9986760e28c75872eb6.jpg,768,1024,1 centime,275,352,394,466
71_JPG.rf.bc91b09da4f0d9986760e28c75872eb6.jpg,768,1024,2 euro,317,486,502,673
71_JPG.rf.bc91b09da4f0d9986760e28c75872eb6.jpg,768,1024,5 centimes,518,505,676,661
71_JPG.rf.bc91b09da4f0d9986760e28c75872eb6.jpg,768,1024,10 centimes,424,669,569,815
71_JPG.rf.bc91b09da4f0d9986760e28c75872eb6.jpg,768,1024,20 centimes,170,603,335,766
71_JPG.rf.bc91b09da4f0d9986760e28c75872eb6.jpg,768,1024,verso-bronze,48,317,172,438
71_JPG.rf.bc91b09da4f0d9986760e28c75872eb6.jpg,768,1024,verso-dore,116,424,298,604
121_jpg.rf.98a2cde69fabf1c5b136539356fd063d.jpg,4284,5712,50 centimes,2007,1335,2800,2162
121_jpg.rf.98a2cde69fabf1c5b136539356fd063d.jpg,4284,5712,20 centimes,2964,2267,3731,3007
121_jpg.rf.98a2cde69fabf1c5b136539356fd063d.jpg,4284,5712,10 centimes,3257,3586,3950,4254
121_jpg.rf.98a2cde69fabf1c5b136539356fd063d.jpg,4284,5712,verso-dore,226,2411,1038,3213
121_jpg.rf.98a2cde69fabf1c5b136539356fd063d.jpg,4284,5712,verso-dore,1617,2333,2251,2972
121_jpg.rf.98a2cde69fabf1c5b136539356fd063d.jpg,4284,5712,verso-dore,1407,3929,2188,4708
254_jpg.rf.c3ed5996bd1247621d8befc9e6b366e9.jpg,3024,4032,1 euro,414,1438,1012,2050
254_jpg.rf.c3ed5996bd1247621d8befc9e6b366e9.jpg,3024,4032,5 centimes,857,967,1416,1546
254_jpg.rf.c3ed5996bd1247621d8befc9e6b366e9.jpg,3024,4032,50 centimes,1897,1952,2592,2634
254_jpg.rf.c3ed5996bd1247621d8befc9e6b366e9.jpg,3024,4032,2 euro,270,2301,946,2973
254_jpg.rf.c3ed5996bd1247621d8befc9e6b366e9.jpg,3024,4032,20 centimes,1218,2075,1792,2680
254_jpg.rf.c3ed5996bd1247621d8befc9e6b366e9.jpg,3024,4032,2 centimes,1529,2776,2066,3320
254_jpg.rf.c3ed5996bd1247621d8befc9e6b366e9.jpg,3024,4032,1 centime,1005,2820,1460,3298
254_jpg.rf.c3ed5996bd1247621d8befc9e6b366e9.jpg,3024,4032,10 centimes,1322,1324,1873,1849
252_jpg.rf.c28f3f101844eff717bf741515f4c748.jpg,3024,4032,1 euro,648,1283,1278,1927
252_jpg.rf.c28f3f101844eff717bf741515f4c748.jpg,3024,4032,10 centimes,1421,1369,1942,1903
252_jpg.rf.c28f3f101844eff717bf741515f4c748.jpg,3024,4032,2 euro,183,1831,883,2518
252_jpg.rf.c28f3f101844eff717bf741515f4c748.jpg,3024,4032,50 centimes,891,1936,1558,2578
252_jpg.rf.c28f3f101844eff717bf741515f4c748.jpg,3024,4032,20 centimes,1608,1885,2244,2511
252_jpg.rf.c28f3f101844eff717bf741515f4c748.jpg,3024,4032,1 centime,2181,2698,2601,3125
252_jpg.rf.c28f3f101844eff717bf741515f4c748.jpg,3024,4032,2 centimes,1305,2564,1826,3077
252_jpg.rf.c28f3f101844eff717bf741515f4c748.jpg,3024,4032,5 centimes,541,2822,1094,3363
201_jpg.rf.b8e2ba3817eee6d960cbd122b814dd02.jpg,1600,900,2 centimes,499,116,608,226
201_jpg.rf.b8e2ba3817eee6d960cbd122b814dd02.jpg,1600,900,10 centimes,711,265,825,381
201_jpg.rf.b8e2ba3817eee6d960cbd122b814dd02.jpg,1600,900,1 euro,1081,301,1219,440
201_jpg.rf.b8e2ba3817eee6d960cbd122b814dd02.jpg,1600,900,5 centimes,1248,328,1376,455
201_jpg.rf.b8e2ba3817eee6d960cbd122b814dd02.jpg,1600,900,1 centime,904,575,1002,666
201_jpg.rf.b8e2ba3817eee6d960cbd122b814dd02.jpg,1600,900,10 centimes,721,518,836,633
201_jpg.rf.b8e2ba3817eee6d960cbd122b814dd02.jpg,1600,900,2 euro,881,735,1018,870
201_jpg.rf.b8e2ba3817eee6d960cbd122b814dd02.jpg,1600,900,1 euro,820,112,964,253
201_jpg.rf.b8e2ba3817eee6d960cbd122b814dd02.jpg,1600,900,1 euro,1274,121,1420,260
201_jpg.rf.b8e2ba3817eee6d960cbd122b814dd02.jpg,1600,900,2 euro,823,351,975,500
201_jpg.rf.b8e2ba3817eee6d960cbd122b814dd02.jpg,1600,900,verso-dore,1085,451,1240,597
201_jpg.rf.b8e2ba3817eee6d960cbd122b814dd02.jpg,1600,900,2 euro,1232,525,1392,679
201_jpg.rf.b8e2ba3817eee6d960cbd122b814dd02.jpg,1600,900,verso-dore,1276,766,1419,897
54_jpeg.rf.bcbdc341434bd51c52877f584d013985.jpg,1200,1600,2 euro,352,411,595,642
54_jpeg.rf.bcbdc341434bd51c52877f584d013985.jpg,1200,1600,1 euro,82,599,305,817
54_jpeg.rf.bcbdc341434bd51c52877f584d013985.jpg,1200,1600,verso-bronze,483,221,635,360
54_jpeg.rf.bcbdc341434bd51c52877f584d013985.jpg,1200,1600,2 centimes,600,509,775,677
54_jpeg.rf.bcbdc341434bd51c52877f584d013985.jpg,1200,1600,10 centimes,818,440,1001,625
54_jpeg.rf.bcbdc341434bd51c52877f584d013985.jpg,1200,1600,verso-bronze,893,644,1045,790
54_jpeg.rf.bcbdc341434bd51c52877f584d013985.jpg,1200,1600,50 centimes,338,807,574,1042
54_jpeg.rf.bcbdc341434bd51c52877f584d013985.jpg,1200,1600,10 centimes,530,964,718,1151
54_jpeg.rf.bcbdc341434bd51c52877f584d013985.jpg,1200,1600,2 centimes,814,932,999,1111
54_jpeg.rf.bcbdc341434bd51c52877f584d013985.jpg,1200,1600,verso-dore,133,1147,376,1395
141_jpg.rf.b0f96e2b7a6eacf2d2e98037bbc32f75.jpg,1536,2048,10 centimes,933,473,1315,870
141_jpg.rf.b0f96e2b7a6eacf2d2e98037bbc32f75.jpg,1536,2048,20 centimes,106,1334,573,1781
141_jpg.rf.b0f96e2b7a6eacf2d2e98037bbc32f75.jpg,1536,2048,1 euro,155,159,647,652
141_jpg.rf.b0f96e2b7a6eacf2d2e98037bbc32f75.jpg,1536,2048,verso-dore,146,770,653,1264
141_jpg.rf.b0f96e2b7a6eacf2d2e98037bbc32f75.jpg,1536,2048,verso-bronze,938,1128,1361,1559
163_jpeg.rf.c8101f22997f4f82f1bb7d630bcf4cad.jpg,1600,1204,5 centimes,52,365,234,542
163_jpeg.rf.c8101f22997f4f82f1bb7d630bcf4cad.jpg,1600,1204,5 centimes,447,293,626,465
163_jpeg.rf.c8101f22997f4f82f1bb7d630bcf4cad.jpg,1600,1204,5 centimes,170,888,348,1069
163_jpeg.rf.c8101f22997f4f82f1bb7d630bcf4cad.jpg,1600,1204,2 centimes,293,539,465,703
163_jpeg.rf.c8101f22997f4f82f1bb7d630bcf4cad.jpg,1600,1204,2 centimes,1007,237,1166,393
163_jpeg.rf.c8101f22997f4f82f1bb7d630bcf4cad.jpg,1600,1204,2 centimes,1205,273,1366,423
163_jpeg.rf.c8101f22997f4f82f1bb7d630bcf4cad.jpg,1600,1204,2 centimes,699,1002,876,1174
163_jpeg.rf.c8101f22997f4f82f1bb7d630bcf4cad.jpg,1600,1204,2 centimes,1156,507,1298,653
163_jpeg.rf.c8101f22997f4f82f1bb7d630bcf4cad.jpg,1600,1204,1 centime,291,33,429,163
163_jpeg.rf.c8101f22997f4f82f1bb7d630bcf4cad.jpg,1600,1204,1 centime,594,768,727,899
163_jpeg.rf.c8101f22997f4f82f1bb7d630bcf4cad.jpg,1600,1204,1 centime,723,513,864,646
163_jpeg.rf.c8101f22997f4f82f1bb7d630bcf4cad.jpg,1600,1204,1 centime,1115,860,1260,1001
163_jpeg.rf.c8101f22997f4f82f1bb7d630bcf4cad.jpg,1600,1204,10 centimes,649,140,819,305
284_jpg.rf.cd214220e026314222f8c260dfe7c652.jpg,1200,1600,5 centimes,149,660,443,956
284_jpg.rf.cd214220e026314222f8c260dfe7c652.jpg,1200,1600,2 centimes,508,419,779,679
284_jpg.rf.cd214220e026314222f8c260dfe7c652.jpg,1200,1600,1 centime,815,714,1054,941
109_jpg.rf.d42711bb0b95eaccf89440332ecc60d2.jpg,1600,1200,10 centimes,283,401,503,603
109_jpg.rf.d42711bb0b95eaccf89440332ecc60d2.jpg,1600,1200,5 centimes,395,768,627,990
109_jpg.rf.d42711bb0b95eaccf89440332ecc60d2.jpg,1600,1200,1 euro,658,509,878,733
109_jpg.rf.d42711bb0b95eaccf89440332ecc60d2.jpg,1600,1200,1 centime,665,181,816,336
109_jpg.rf.d42711bb0b95eaccf89440332ecc60d2.jpg,1600,1200,2 centimes,973,364,1155,545
109_jpg.rf.d42711bb0b95eaccf89440332ecc60d2.jpg,1600,1200,50 centimes,959,733,1198,972
197_jpg.rf.d61d5c1478605a65caea56cc73db2ffa.jpg,768,1024,20 centimes,50,112,195,254
197_jpg.rf.d61d5c1478605a65caea56cc73db2ffa.jpg,768,1024,50 centimes,326,59,470,208
197_jpg.rf.d61d5c1478605a65caea56cc73db2ffa.jpg,768,1024,2 euro,141,277,302,437
197_jpg.rf.d61d5c1478605a65caea56cc73db2ffa.jpg,768,1024,10 centimes,555,274,665,388
197_jpg.rf.d61d5c1478605a65caea56cc73db2ffa.jpg,768,1024,1 euro,348,385,485,524
197_jpg.rf.d61d5c1478605a65caea56cc73db2ffa.jpg,768,1024,5 centimes,0,520,121,645
197_jpg.rf.d61d5c1478605a65caea56cc73db2ffa.jpg,768,1024,2 centimes,207,623,319,736
197_jpg.rf.d61d5c1478605a65caea56cc73db2ffa.jpg,768,1024,1 centime,437,729,534,825
197_jpg.rf.d61d5c1478605a65caea56cc73db2ffa.jpg,768,1024,verso-bronze,534,586,643,701
14_JPG.rf.dac2e5ebbed0e05327fe4db7d6aca057.jpg,1023,768,2 euro,342,360,556,592
14_JPG.rf.dac2e5ebbed0e05327fe4db7d6aca057.jpg,1023,768,1 euro,591,414,784,606
14_JPG.rf.dac2e5ebbed0e05327fe4db7d6aca057.jpg,1023,768,20 centimes,573,207,747,386
14_JPG.rf.dac2e5ebbed0e05327fe4db7d6aca057.jpg,1023,768,5 centimes,263,136,449,326
118_jpg.rf.cfb377e51b5b10ed40a0c9d0982269df.jpg,3000,4000,50 centimes,433,2003,1037,2598
118_jpg.rf.cfb377e51b5b10ed40a0c9d0982269df.jpg,3000,4000,50 centimes,1196,1769,1777,2355
118_jpg.rf.cfb377e51b5b10ed40a0c9d0982269df.jpg,3000,4000,20 centimes,1192,540,1714,1050
118_jpg.rf.cfb377e51b5b10ed40a0c9d0982269df.jpg,3000,4000,10 centimes,2076,952,2563,1428
118_jpg.rf.cfb377e51b5b10ed40a0c9d0982269df.jpg,3000,4000,5 centimes,2371,1774,2894,2309
118_jpg.rf.cfb377e51b5b10ed40a0c9d0982269df.jpg,3000,4000,1 euro,957,2679,1547,3297
3_jpg.rf.d54aca1e2fd1ab9b0792f673ef81195e.jpg,3000,4000,20 centimes,290,1519,1114,2321
3_jpg.rf.d54aca1e2fd1ab9b0792f673ef81195e.jpg,3000,4000,5 centimes,1206,744,1954,1482
3_jpg.rf.d54aca1e2fd1ab9b0792f673ef81195e.jpg,3000,4000,10 centimes,2081,1855,2798,2556
3_jpg.rf.d54aca1e2fd1ab9b0792f673ef81195e.jpg,3000,4000,1 centime,1348,3000,1957,3613
96_jpeg.rf.c5e585e4ef73baf9df575455fe9dff0c.jpg,1455,1600,20 centimes,478,411,649,584
96_jpeg.rf.c5e585e4ef73baf9df575455fe9dff0c.jpg,1455,1600,2 euro,469,662,667,858
96_jpeg.rf.c5e585e4ef73baf9df575455fe9dff0c.jpg,1455,1600,5 centimes,863,757,1017,914
96_jpeg.rf.c5e585e4ef73baf9df575455fe9dff0c.jpg,1455,1600,10 centimes,516,976,663,1121
96_jpeg.rf.c5e585e4ef73baf9df575455fe9dff0c.jpg,1455,1600,1 euro,853,469,1015,627
50_jpeg.rf.d5bf0a00c79bd578ae3d0d14415f8fe4.jpg,1200,1600,1 euro,237,419,460,648
50_jpeg.rf.d5bf0a00c79bd578ae3d0d14415f8fe4.jpg,1200,1600,50 centimes,576,556,814,809
50_jpeg.rf.d5bf0a00c79bd578ae3d0d14415f8fe4.jpg,1200,1600,50 centimes,686,865,934,1115
50_jpeg.rf.d5bf0a00c79bd578ae3d0d14415f8fe4.jpg,1200,1600,10 centimes,829,530,1024,731
50_jpeg.rf.d5bf0a00c79bd578ae3d0d14415f8fe4.jpg,1200,1600,verso-dore,16,623,222,827
50_jpeg.rf.d5bf0a00c79bd578ae3d0d14415f8fe4.jpg,1200,1600,2 euro,273,964,538,1239
119_jpg.rf.dcb18598c0fbf476af37b7dd31c479fd.jpg,1500,2000,50 centimes,621,1053,829,1263
119_jpg.rf.dcb18598c0fbf476af37b7dd31c479fd.jpg,1500,2000,20 centimes,1028,1046,1241,1265
119_jpg.rf.dcb18598c0fbf476af37b7dd31c479fd.jpg,1500,2000,2 euro,490,1485,711,1723
119_jpg.rf.dcb18598c0fbf476af37b7dd31c479fd.jpg,1500,2000,verso-bronze,824,494,1013,680
119_jpg.rf.dcb18598c0fbf476af37b7dd31c479fd.jpg,1500,2000,1 euro,398,749,596,946
119_jpg.rf.dcb18598c0fbf476af37b7dd31c479fd.jpg,1500,2000,verso-dore,204,1112,368,1274
158_jpg.rf.ccfab3b3e6514b5033cdb54eb0f64f5f.jpg,4032,3024,1 euro,519,670,1519,1539
158_jpg.rf.ccfab3b3e6514b5033cdb54eb0f64f5f.jpg,4032,3024,5 centimes,628,1702,1632,2696
158_jpg.rf.ccfab3b3e6514b5033cdb54eb0f64f5f.jpg,4032,3024,5 centimes,1683,633,2586,1482
158_jpg.rf.ccfab3b3e6514b5033cdb54eb0f64f5f.jpg,4032,3024,2 euro,2532,1409,3624,2485
281_jpg.rf.c75ecc92e7df156f78d426bca6d77c64.jpg,1200,1600,2 centimes,331,429,541,643
281_jpg.rf.c75ecc92e7df156f78d426bca6d77c64.jpg,1200,1600,1 centime,774,452,964,639
281_jpg.rf.c75ecc92e7df156f78d426bca6d77c64.jpg,1200,1600,5 centimes,146,731,393,970
281_jpg.rf.c75ecc92e7df156f78d426bca6d77c64.jpg,1200,1600,1 centime,478,819,663,1001
281_jpg.rf.c75ecc92e7df156f78d426bca6d77c64.jpg,1200,1600,2 centimes,823,852,1046,1076
203_jpg.rf.d5b32cba1979e666caf6471e8ade8b0e.jpg,900,1600,2 euro,339,739,477,848
203_jpg.rf.d5b32cba1979e666caf6471e8ade8b0e.jpg,900,1600,20 centimes,156,661,279,757
203_jpg.rf.d5b32cba1979e666caf6471e8ade8b0e.jpg,900,1600,10 centimes,118,561,222,639
203_jpg.rf.d5b32cba1979e666caf6471e8ade8b0e.jpg,900,1600,20 centimes,342,654,458,737
203_jpg.rf.d5b32cba1979e666caf6471e8ade8b0e.jpg,900,1600,5 centimes,476,828,598,926
203_jpg.rf.d5b32cba1979e666caf6471e8ade8b0e.jpg,900,1600,1 euro,693,686,818,791
203_jpg.rf.d5b32cba1979e666caf6471e8ade8b0e.jpg,900,1600,1 euro,372,566,487,658
203_jpg.rf.d5b32cba1979e666caf6471e8ade8b0e.jpg,900,1600,50 centimes,455,496,573,591
203_jpg.rf.d5b32cba1979e666caf6471e8ade8b0e.jpg,900,1600,verso-bronze,240,772,337,848
203_jpg.rf.d5b32cba1979e666caf6471e8ade8b0e.jpg,900,1600,verso-bronze,498,417,593,490
203_jpg.rf.d5b32cba1979e666caf6471e8ade8b0e.jpg,900,1600,1 euro,257,510,373,602
203_jpg.rf.d5b32cba1979e666caf6471e8ade8b0e.jpg,900,1600,2 euro,539,617,678,723
203_jpg.rf.d5b32cba1979e666caf6471e8ade8b0e.jpg,900,1600,verso-bronze,617,514,711,586
27_jpg.rf.ca9d7639a27c63b518cc012ac461e8ad.jpg,1600,1200,1 euro,197,695,451,937
27_jpg.rf.ca9d7639a27c63b518cc012ac461e8ad.jpg,1600,1200,2 centimes,1029,318,1226,519
27_jpg.rf.ca9d7639a27c63b518cc012ac461e8ad.jpg,1600,1200,2 euro,379,328,646,579
27_jpg.rf.ca9d7639a27c63b518cc012ac461e8ad.jpg,1600,1200,5 centimes,729,294,956,519
27_jpg.rf.ca9d7639a27c63b518cc012ac461e8ad.jpg,1600,1200,50 centimes,586,767,850,1020
27_jpg.rf.ca9d7639a27c63b518cc012ac461e8ad.jpg,1600,1200,10 centimes,998,666,1198,873
27_jpg.rf.ca9d7639a27c63b518cc012ac461e8ad.jpg,1600,1200,20 centimes,1273,657,1493,887
275_png.rf.d59163036d1b52222ea332f72c8e87d0.jpg,1300,1472,1 euro,718,422,955,657
275_png.rf.d59163036d1b52222ea332f72c8e87d0.jpg,1300,1472,2 centimes,566,575,754,759
275_png.rf.d59163036d1b52222ea332f72c8e87d0.jpg,1300,1472,1 centime,266,640,427,796
275_png.rf.d59163036d1b52222ea332f72c8e87d0.jpg,1300,1472,10 centimes,420,788,615,976
275_png.rf.d59163036d1b52222ea332f72c8e87d0.jpg,1300,1472,50 centimes,694,852,931,1088
275_png.rf.d59163036d1b52222ea332f72c8e87d0.jpg,1300,1472,verso-dore,387,296,620,524
275_png.rf.d59163036d1b52222ea332f72c8e87d0.jpg,1300,1472,5 centimes,110,779,326,989
275_png.rf.d59163036d1b52222ea332f72c8e87d0.jpg,1300,1472,2 euro,462,973,724,1223
261_jpg.rf.d7543a0c85acd0ccab0fe0f354d7ca97.jpg,3024,4032,50 centimes,367,1826,1332,2804
261_jpg.rf.d7543a0c85acd0ccab0fe0f354d7ca97.jpg,3024,4032,20 centimes,1751,1822,2697,2735
0_jpg.rf.cdc25a406db846d21fe341ee7c63125e.jpg,3000,4000,20 centimes,1174,549,1703,1028
0_jpg.rf.cdc25a406db846d21fe341ee7c63125e.jpg,3000,4000,10 centimes,2056,942,2548,1423
0_jpg.rf.cdc25a406db846d21fe341ee7c63125e.jpg,3000,4000,50 centimes,418,2000,1030,2603
0_jpg.rf.cdc25a406db846d21fe341ee7c63125e.jpg,3000,4000,50 centimes,1178,1779,1786,2348
0_jpg.rf.cdc25a406db846d21fe341ee7c63125e.jpg,3000,4000,5 centimes,2354,1780,2889,2329
0_jpg.rf.cdc25a406db846d21fe341ee7c63125e.jpg,3000,4000,1 euro,948,2673,1556,3300
165_jpg.rf.dcb3bf23f8c53f907a9cd0d3ab757a66.jpg,2464,1632,2 euro,1312,186,2173,954
230_jpg.rf.c7edf4d40f8839356eb391d2c801c6bb.jpg,1200,1600,20 centimes,445,753,680,983
24_jpg.rf.dccd6d567f6319020e262dae5b84ce82.jpg,1600,1200,1 euro,869,763,1042,942
24_jpg.rf.dccd6d567f6319020e262dae5b84ce82.jpg,1600,1200,1 euro,473,704,645,878
24_jpg.rf.dccd6d567f6319020e262dae5b84ce82.jpg,1600,1200,2 euro,289,573,480,765
24_jpg.rf.dccd6d567f6319020e262dae5b84ce82.jpg,1600,1200,2 euro,548,908,740,1108
24_jpg.rf.dccd6d567f6319020e262dae5b84ce82.jpg,1600,1200,2 centimes,363,423,508,561
24_jpg.rf.dccd6d567f6319020e262dae5b84ce82.jpg,1600,1200,5 centimes,578,568,741,724
24_jpg.rf.dccd6d567f6319020e262dae5b84ce82.jpg,1600,1200,20 centimes,801,395,963,559
24_jpg.rf.dccd6d567f6319020e262dae5b84ce82.jpg,1600,1200,10 centimes,984,448,1134,594
24_jpg.rf.dccd6d567f6319020e262dae5b84ce82.jpg,1600,1200,50 centimes,1026,703,1211,888
142_jpg.rf.d676a0ac5fc434a83df363f63d947b35.jpg,2048,1536,20 centimes,1086,394,1400,701
142_jpg.rf.d676a0ac5fc434a83df363f63d947b35.jpg,2048,1536,50 centimes,426,872,757,1189
142_jpg.rf.d676a0ac5fc434a83df363f63d947b35.jpg,2048,1536,2 euro,984,987,1334,1325
142_jpg.rf.d676a0ac5fc434a83df363f63d947b35.jpg,2048,1536,1 euro,503,75,830,405
264_png.rf.d57dbedfb1415f9583458ab0bb47e456.jpg,1170,2532,2 centimes,252,906,900,1555
68_jpg.rf.dd9c12fc338ee557fa87fb2246dea91f.jpg,1080,1920,2 euro,433,504,677,744
68_jpg.rf.dd9c12fc338ee557fa87fb2246dea91f.jpg,1080,1920,2 euro,261,757,508,992
68_jpg.rf.dd9c12fc338ee557fa87fb2246dea91f.jpg,1080,1920,1 euro,635,650,855,869
68_jpg.rf.dd9c12fc338ee557fa87fb2246dea91f.jpg,1080,1920,20 centimes,361,978,560,1175
68_jpg.rf.dd9c12fc338ee557fa87fb2246dea91f.jpg,1080,1920,10 centimes,620,907,783,1073
33_jpg.rf.d7979bf24cc6fbdb578e5e042e3b775a.jpg,1992,1904,20 centimes,465,315,1271,898
33_jpg.rf.d7979bf24cc6fbdb578e5e042e3b775a.jpg,1992,1904,5 centimes,692,899,1454,1570
33_jpg.rf.d7979bf24cc6fbdb578e5e042e3b775a.jpg,1992,1904,verso-bronze,1088,444,1643,946
234_jpg.rf.cfa1a56aa53acf71df7f20ca9c639c8e.jpg,1844,2416,1 euro,229,839,689,1308
234_jpg.rf.cfa1a56aa53acf71df7f20ca9c639c8e.jpg,1844,2416,50 centimes,878,868,1351,1323
234_jpg.rf.cfa1a56aa53acf71df7f20ca9c639c8e.jpg,1844,2416,20 centimes,784,1501,1213,1901
234_jpg.rf.cfa1a56aa53acf71df7f20ca9c639c8e.jpg,1844,2416,1 centime,705,189,1045,552
234_jpg.rf.cfa1a56aa53acf71df7f20ca9c639c8e.jpg,1844,2416,1 euro,207,1540,665,1974
234_jpg.rf.cfa1a56aa53acf71df7f20ca9c639c8e.jpg,1844,2416,verso-bronze,1428,1439,1750,1750
11_JPG.rf.dee323745a095a1b94eccde392a5017d.jpg,1024,768,2 euro,239,128,516,415
11_JPG.rf.dee323745a095a1b94eccde392a5017d.jpg,1024,768,1 euro,596,149,855,405
11_JPG.rf.dee323745a095a1b94eccde392a5017d.jpg,1024,768,20 centimes,349,440,607,701
168_jpg.rf.d88e6f60ac3371dd674211e6b5caa3c5.jpg,6000,4000,20 centimes,2166,413,2881,1101
168_jpg.rf.d88e6f60ac3371dd674211e6b5caa3c5.jpg,6000,4000,5 centimes,1942,2245,2637,2935
168_jpg.rf.d88e6f60ac3371dd674211e6b5caa3c5.jpg,6000,4000,2 centimes,3645,2472,4252,3088
168_jpg.rf.d88e6f60ac3371dd674211e6b5caa3c5.jpg,6000,4000,1 euro,3785,1474,4510,2200
168_jpg.rf.d88e6f60ac3371dd674211e6b5caa3c5.jpg,6000,4000,verso-dore,1620,1217,2322,1914
168_jpg.rf.d88e6f60ac3371dd674211e6b5caa3c5.jpg,6000,4000,verso-bronze,2500,1685,3018,2198
168_jpg.rf.d88e6f60ac3371dd674211e6b5caa3c5.jpg,6000,4000,verso-bronze,2966,1025,3635,1692
168_jpg.rf.d88e6f60ac3371dd674211e6b5caa3c5.jpg,6000,4000,verso-bronze,3114,3057,3630,3570
125_jpg.rf.e0bb00b152186298040ce6a633f1cabd.jpg,4284,5712,1 euro,1010,1876,1598,2454
125_jpg.rf.e0bb00b152186298040ce6a633f1cabd.jpg,4284,5712,verso-dore,2049,1722,2541,2224
125_jpg.rf.e0bb00b152186298040ce6a633f1cabd.jpg,4284,5712,verso-dore,3240,1896,3674,2328
125_jpg.rf.e0bb00b152186298040ce6a633f1cabd.jpg,4284,5712,verso-bronze,3736,1623,4151,2040
125_jpg.rf.e0bb00b152186298040ce6a633f1cabd.jpg,4284,5712,1 euro,3566,2197,4077,2705
125_jpg.rf.e0bb00b152186298040ce6a633f1cabd.jpg,4284,5712,verso-dore,1360,3084,1894,3616
125_jpg.rf.e0bb00b152186298040ce6a633f1cabd.jpg,4284,5712,1 euro,117,2965,650,3479
125_jpg.rf.e0bb00b152186298040ce6a633f1cabd.jpg,4284,5712,verso-dore,495,3336,1050,3861
125_jpg.rf.e0bb00b152186298040ce6a633f1cabd.jpg,4284,5712,verso-bronze,1210,4048,1573,4400
125_jpg.rf.e0bb00b152186298040ce6a633f1cabd.jpg,4284,5712,verso-bronze,2026,3493,2452,3912
125_jpg.rf.e0bb00b152186298040ce6a633f1cabd.jpg,4284,5712,verso-bronze,2537,662,3002,1140
246_jpg.rf.d5a5c3d0bafb927146e2250194396d78.jpg,3024,4032,50 centimes,1326,1053,2098,1820
246_jpg.rf.d5a5c3d0bafb927146e2250194396d78.jpg,3024,4032,5 centimes,469,1227,1095,1890
246_jpg.rf.d5a5c3d0bafb927146e2250194396d78.jpg,3024,4032,2 euro,59,2361,851,3162
246_jpg.rf.d5a5c3d0bafb927146e2250194396d78.jpg,3024,4032,20 centimes,706,2011,1392,2693
246_jpg.rf.d5a5c3d0bafb927146e2250194396d78.jpg,3024,4032,10 centimes,1346,1826,1979,2435
246_jpg.rf.d5a5c3d0bafb927146e2250194396d78.jpg,3024,4032,2 centimes,885,2668,1458,3252
246_jpg.rf.d5a5c3d0bafb927146e2250194396d78.jpg,3024,4032,1 centime,1663,2369,2195,2879
246_jpg.rf.d5a5c3d0bafb927146e2250194396d78.jpg,3024,4032,1 euro,1510,2929,2246,3660
194_jpg.rf.e5d4070f85e108eb1c56521fbd92888d.jpg,768,1024,verso-bronze,230,186,341,298
194_jpg.rf.e5d4070f85e108eb1c56521fbd92888d.jpg,768,1024,verso-bronze,563,263,685,384
194_jpg.rf.e5d4070f85e108eb1c56521fbd92888d.jpg,768,1024,verso-bronze,183,393,276,495
194_jpg.rf.e5d4070f85e108eb1c56521fbd92888d.jpg,768,1024,verso-bronze,592,571,735,711
194_jpg.rf.e5d4070f85e108eb1c56521fbd92888d.jpg,768,1024,1 euro,377,309,518,452
194_jpg.rf.e5d4070f85e108eb1c56521fbd92888d.jpg,768,1024,2 euro,236,795,389,963
194_jpg.rf.e5d4070f85e108eb1c56521fbd92888d.jpg,768,1024,verso-dore,152,590,289,736
194_jpg.rf.e5d4070f85e108eb1c56521fbd92888d.jpg,768,1024,verso-dore,396,643,517,772
194_jpg.rf.e5d4070f85e108eb1c56521fbd92888d.jpg,768,1024,verso-dore,581,815,730,964
117_jpeg.rf.ed90a5b6198adbb8576a709f5d8b5028.jpg,1200,1600,50 centimes,53,643,285,879
117_jpeg.rf.ed90a5b6198adbb8576a709f5d8b5028.jpg,1200,1600,1 euro,65,922,291,1164
117_jpeg.rf.ed90a5b6198adbb8576a709f5d8b5028.jpg,1200,1600,50 centimes,467,863,700,1106
117_jpeg.rf.ed90a5b6198adbb8576a709f5d8b5028.jpg,1200,1600,2 euro,552,516,787,759
117_jpeg.rf.ed90a5b6198adbb8576a709f5d8b5028.jpg,1200,1600,10 centimes,810,508,1001,692
117_jpeg.rf.ed90a5b6198adbb8576a709f5d8b5028.jpg,1200,1600,verso-bronze,368,246,529,399
117_jpeg.rf.ed90a5b6198adbb8576a709f5d8b5028.jpg,1200,1600,verso-bronze,94,451,234,586
117_jpeg.rf.ed90a5b6198adbb8576a709f5d8b5028.jpg,1200,1600,10 centimes,885,1102,1071,1287
65_jpg.rf.e69cc183369c5713c9f294781996342d.jpg,1600,1200,50 centimes,841,250,1106,506
65_jpg.rf.e69cc183369c5713c9f294781996342d.jpg,1600,1200,20 centimes,304,295,545,527
65_jpg.rf.e69cc183369c5713c9f294781996342d.jpg,1600,1200,10 centimes,542,531,757,744
65_jpg.rf.e69cc183369c5713c9f294781996342d.jpg,1600,1200,5 centimes,278,733,515,969
65_jpg.rf.e69cc183369c5713c9f294781996342d.jpg,1600,1200,2 euro,557,829,844,1123
65_jpg.rf.e69cc183369c5713c9f294781996342d.jpg,1600,1200,1 euro,782,561,1043,815
65_jpg.rf.e69cc183369c5713c9f294781996342d.jpg,1600,1200,1 centime,644,379,825,547
65_jpg.rf.e69cc183369c5713c9f294781996342d.jpg,1600,1200,1 euro,1206,747,1458,1009
65_jpg.rf.e69cc183369c5713c9f294781996342d.jpg,1600,1200,2 centimes,96,525,297,724
157_jpg.rf.eabcd95b77dd0ed6fe15c643ce401454.jpg,4032,3024,1 euro,1190,711,2169,1606
157_jpg.rf.eabcd95b77dd0ed6fe15c643ce401454.jpg,4032,3024,20 centimes,1043,1948,2095,3009
157_jpg.rf.eabcd95b77dd0ed6fe15c643ce401454.jpg,4032,3024,5 centimes,2224,1950,3196,2953
157_jpg.rf.eabcd95b77dd0ed6fe15c643ce401454.jpg,4032,3024,20 centimes,2491,514,3400,1375
66_JPG.rf.f28402e31b4ab1e311bac6739f52f96b.jpg,768,1024,50 centimes,349,280,525,466
66_JPG.rf.f28402e31b4ab1e311bac6739f52f96b.jpg,768,1024,1 euro,61,429,242,608
66_JPG.rf.f28402e31b4ab1e311bac6739f52f96b.jpg,768,1024,2 euro,407,490,604,689
66_JPG.rf.f28402e31b4ab1e311bac6739f52f96b.jpg,768,1024,5 centimes,349,687,518,856
66_JPG.rf.f28402e31b4ab1e311bac6739f52f96b.jpg,768,1024,10 centimes,202,593,349,733
66_JPG.rf.f28402e31b4ab1e311bac6739f52f96b.jpg,768,1024,1 centime,554,368,686,498
66_JPG.rf.f28402e31b4ab1e311bac6739f52f96b.jpg,768,1024,1 centime,250,434,376,559
81_jpg.rf.eacb5373aeb9f3d298af6f24ce9d2986.jpg,2128,2288,20 centimes,1116,689,1954,1529
81_jpg.rf.eacb5373aeb9f3d298af6f24ce9d2986.jpg,2128,2288,2 centimes,295,717,1014,1433
81_jpg.rf.eacb5373aeb9f3d298af6f24ce9d2986.jpg,2128,2288,5 centimes,612,1326,1405,2135
81_jpg.rf.eacb5373aeb9f3d298af6f24ce9d2986.jpg,2128,2288,verso-bronze,766,117,1461,830
79_jpg.rf.fa0c39fa6421c231bdfa17abc0ebc7c3.jpg,1496,1440,2 centimes,207,193,1249,1225
144_jpg.rf.f636ce074ca37118f59c8f5339c7850e.jpg,1536,2048,5 centimes,941,325,1273,665
144_jpg.rf.f636ce074ca37118f59c8f5339c7850e.jpg,1536,2048,10 centimes,113,988,434,1299
144_jpg.rf.f636ce074ca37118f59c8f5339c7850e.jpg,1536,2048,20 centimes,549,1332,895,1697
144_jpg.rf.f636ce074ca37118f59c8f5339c7850e.jpg,1536,2048,1 euro,402,369,792,760
144_jpg.rf.f636ce074ca37118f59c8f5339c7850e.jpg,1536,2048,verso-dore,759,829,1173,1221
82_jpg.rf.f9a3542390e0a4aa37809e3fa37fc0d1.jpg,1600,1200,2 euro,170,313,463,599
82_jpg.rf.f9a3542390e0a4aa37809e3fa37fc0d1.jpg,1600,1200,1 euro,505,173,764,424
82_jpg.rf.f9a3542390e0a4aa37809e3fa37fc0d1.jpg,1600,1200,5 centimes,879,201,1119,425
82_jpg.rf.f9a3542390e0a4aa37809e3fa37fc0d1.jpg,1600,1200,10 centimes,673,466,898,688
82_jpg.rf.f9a3542390e0a4aa37809e3fa37fc0d1.jpg,1600,1200,10 centimes,400,499,629,725
82_jpg.rf.f9a3542390e0a4aa37809e3fa37fc0d1.jpg,1600,1200,2 centimes,182,681,404,904
82_jpg.rf.f9a3542390e0a4aa37809e3fa37fc0d1.jpg,1600,1200,5 centimes,364,776,622,1039
82_jpg.rf.f9a3542390e0a4aa37809e3fa37fc0d1.jpg,1600,1200,10 centimes,814,779,1055,1025
82_jpg.rf.f9a3542390e0a4aa37809e3fa37fc0d1.jpg,1600,1200,20 centimes,1167,532,1436,792
82_jpg.rf.f9a3542390e0a4aa37809e3fa37fc0d1.jpg,1600,1200,1 euro,1071,824,1359,1114
211_jpg.rf.f5d32852fc3151465fb885dc02d19bfe.jpg,900,1600,1 euro,289,143,487,343
211_jpg.rf.f5d32852fc3151465fb885dc02d19bfe.jpg,900,1600,2 centimes,672,193,836,362
211_jpg.rf.f5d32852fc3151465fb885dc02d19bfe.jpg,900,1600,5 centimes,64,412,243,594
211_jpg.rf.f5d32852fc3151465fb885dc02d19bfe.jpg,900,1600,2 centimes,339,1021,493,1176
211_jpg.rf.f5d32852fc3151465fb885dc02d19bfe.jpg,900,1600,5 centimes,107,1164,279,1336
211_jpg.rf.f5d32852fc3151465fb885dc02d19bfe.jpg,900,1600,verso-dore,143,805,344,1006
211_jpg.rf.f5d32852fc3151465fb885dc02d19bfe.jpg,900,1600,verso-dore,516,320,685,497
211_jpg.rf.f5d32852fc3151465fb885dc02d19bfe.jpg,900,1600,verso-bronze,411,547,570,713
211_jpg.rf.f5d32852fc3151465fb885dc02d19bfe.jpg,900,1600,verso-bronze,559,911,697,1056
200_jpg.rf.eb5f9f4dc93e7732790ee95fcd2353c8.jpg,900,1600,1 euro,456,521,615,678
200_jpg.rf.eb5f9f4dc93e7732790ee95fcd2353c8.jpg,900,1600,5 centimes,622,568,769,721
200_jpg.rf.eb5f9f4dc93e7732790ee95fcd2353c8.jpg,900,1600,1 centime,601,765,711,871
200_jpg.rf.eb5f9f4dc93e7732790ee95fcd2353c8.jpg,900,1600,1 euro,625,1081,785,1245
200_jpg.rf.eb5f9f4dc93e7732790ee95fcd2353c8.jpg,900,1600,2 euro,670,878,854,1071
200_jpg.rf.eb5f9f4dc93e7732790ee95fcd2353c8.jpg,900,1600,1 euro,483,984,644,1158
200_jpg.rf.eb5f9f4dc93e7732790ee95fcd2353c8.jpg,900,1600,2 euro,112,625,299,812
200_jpg.rf.eb5f9f4dc93e7732790ee95fcd2353c8.jpg,900,1600,verso-dore,179,832,321,969
200_jpg.rf.eb5f9f4dc93e7732790ee95fcd2353c8.jpg,900,1600,verso-dore,328,899,464,1035
200_jpg.rf.eb5f9f4dc93e7732790ee95fcd2353c8.jpg,900,1600,verso-bronze,455,688,588,814
200_jpg.rf.eb5f9f4dc93e7732790ee95fcd2353c8.jpg,900,1600,verso-bronze,219,1038,374,1199
200_jpg.rf.eb5f9f4dc93e7732790ee95fcd2353c8.jpg,900,1600,50 centimes,275,363,437,526
92_jpg.rf.ee1fa3e708f1b84c2e28ae414af65304.jpg,2240,2008,5 centimes,1199,167,1997,961
92_jpg.rf.ee1fa3e708f1b84c2e28ae414af65304.jpg,2240,2008,20 centimes,820,1089,1653,1922
92_jpg.rf.ee1fa3e708f1b84c2e28ae414af65304.jpg,2240,2008,verso-bronze,372,240,1025,877
41_jpg.rf.ee11a1133c6ee7a81c9c83c4091b5d52.jpg,1500,2000,50 centimes,589,490,867,773
41_jpg.rf.ee11a1133c6ee7a81c9c83c4091b5d52.jpg,1500,2000,verso-dore,986,545,1259,821
41_jpg.rf.ee11a1133c6ee7a81c9c83c4091b5d52.jpg,1500,2000,10 centimes,346,846,577,1091
41_jpg.rf.ee11a1133c6ee7a81c9c83c4091b5d52.jpg,1500,2000,verso-bronze,557,1077,807,1332
41_jpg.rf.ee11a1133c6ee7a81c9c83c4091b5d52.jpg,1500,2000,2 euro,666,1379,969,1682
41_jpg.rf.ee11a1133c6ee7a81c9c83c4091b5d52.jpg,1500,2000,1 euro,800,834,1068,1101
139_jpeg.rf.f0215b436518614fe35c6024bc378c95.jpg,585,1266,1 euro,93,527,468,924
31_jpg.rf.e71219874084b2a77a4ecc0676b957e1.jpg,2144,1720,20 centimes,395,695,1191,1486
31_jpg.rf.e71219874084b2a77a4ecc0676b957e1.jpg,2144,1720,verso-bronze,244,573,826,1165
31_jpg.rf.e71219874084b2a77a4ecc0676b957e1.jpg,2144,1720,5 centimes,1299,322,1947,1023
123_jpg.rf.f4dc6fee8fd976aafb236645c04e72fe.jpg,4284,5712,2 centimes,1767,1502,2467,2208
123_jpg.rf.f4dc6fee8fd976aafb236645c04e72fe.jpg,4284,5712,5 centimes,1428,2664,2195,3448
123_jpg.rf.f4dc6fee8fd976aafb236645c04e72fe.jpg,4284,5712,1 centime,3107,2152,3665,2716
123_jpg.rf.f4dc6fee8fd976aafb236645c04e72fe.jpg,4284,5712,5 centimes,2834,3613,3595,4408
123_jpg.rf.f4dc6fee8fd976aafb236645c04e72fe.jpg,4284,5712,verso-bronze,349,2694,933,3279
123_jpg.rf.f4dc6fee8fd976aafb236645c04e72fe.jpg,4284,5712,verso-bronze,1787,4106,2467,4795
20_jpg.rf.f9a85edec3cd5d7164c7495df50d3429.jpg,1600,1200,2 euro,170,317,440,584
20_jpg.rf.f9a85edec3cd5d7164c7495df50d3429.jpg,1600,1200,1 euro,505,174,756,425
20_jpg.rf.f9a85edec3cd5d7164c7495df50d3429.jpg,1600,1200,1 euro,1072,825,1357,1124
20_jpg.rf.f9a85edec3cd5d7164c7495df50d3429.jpg,1600,1200,2 centimes,181,682,406,911
20_jpg.rf.f9a85edec3cd5d7164c7495df50d3429.jpg,1600,1200,5 centimes,361,778,626,1042
20_jpg.rf.f9a85edec3cd5d7164c7495df50d3429.jpg,1600,1200,5 centimes,881,201,1107,433
20_jpg.rf.f9a85edec3cd5d7164c7495df50d3429.jpg,1600,1200,20 centimes,1172,531,1436,796
20_jpg.rf.f9a85edec3cd5d7164c7495df50d3429.jpg,1600,1200,10 centimes,399,500,634,726
20_jpg.rf.f9a85edec3cd5d7164c7495df50d3429.jpg,1600,1200,10 centimes,813,780,1047,1026
20_jpg.rf.f9a85edec3cd5d7164c7495df50d3429.jpg,1600,1200,10 centimes,672,466,904,696
136_jpeg.rf.e2d856acfcadd3a911a6a7d9ae211727.jpg,585,1266,2 euro,67,397,352,700
136_jpeg.rf.e2d856acfcadd3a911a6a7d9ae211727.jpg,585,1266,5 centimes,287,707,536,968
280_jpg.rf.f26cfd6f8f51b5f217a5b22d4717afb1.jpg,1080,1920,2 euro,157,561,393,802
280_jpg.rf.f26cfd6f8f51b5f217a5b22d4717afb1.jpg,1080,1920,2 centimes,623,464,796,639
280_jpg.rf.f26cfd6f8f51b5f217a5b22d4717afb1.jpg,1080,1920,1 euro,754,752,978,964
280_jpg.rf.f26cfd6f8f51b5f217a5b22d4717afb1.jpg,1080,1920,5 centimes,559,855,765,1050
280_jpg.rf.f26cfd6f8f51b5f217a5b22d4717afb1.jpg,1080,1920,1 centime,340,982,499,1134
280_jpg.rf.f26cfd6f8f51b5f217a5b22d4717afb1.jpg,1080,1920,2 euro,78,941,332,1187
280_jpg.rf.f26cfd6f8f51b5f217a5b22d4717afb1.jpg,1080,1920,10 centimes,224,1244,415,1430
280_jpg.rf.f26cfd6f8f51b5f217a5b22d4717afb1.jpg,1080,1920,2 centimes,481,1148,665,1323
280_jpg.rf.f26cfd6f8f51b5f217a5b22d4717afb1.jpg,1080,1920,20 centimes,708,1073,921,1285
280_jpg.rf.f26cfd6f8f51b5f217a5b22d4717afb1.jpg,1080,1920,verso-bronze,431,669,611,854
99_jpg.rf.e1848f323bf947337980d887d679130d.jpg,1200,1600,5 centimes,282,391,484,589
99_jpg.rf.e1848f323bf947337980d887d679130d.jpg,1200,1600,5 centimes,708,446,911,648
99_jpg.rf.e1848f323bf947337980d887d679130d.jpg,1200,1600,1 euro,95,717,317,937
99_jpg.rf.e1848f323bf947337980d887d679130d.jpg,1200,1600,50 centimes,471,870,705,1107
99_jpg.rf.e1848f323bf947337980d887d679130d.jpg,1200,1600,10 centimes,191,1015,380,1202
99_jpg.rf.e1848f323bf947337980d887d679130d.jpg,1200,1600,2 centimes,769,1008,1021,1262
78_jpg.rf.f77364ddb6cc4f8fe1053996d3c46433.jpg,1600,1200,20 centimes,220,622,461,859
78_jpg.rf.f77364ddb6cc4f8fe1053996d3c46433.jpg,1600,1200,2 euro,514,556,784,828
78_jpg.rf.f77364ddb6cc4f8fe1053996d3c46433.jpg,1600,1200,5 centimes,298,396,518,610
78_jpg.rf.f77364ddb6cc4f8fe1053996d3c46433.jpg,1600,1200,1 euro,796,467,1035,707
78_jpg.rf.f77364ddb6cc4f8fe1053996d3c46433.jpg,1600,1200,10 centimes,722,109,916,299
78_jpg.rf.f77364ddb6cc4f8fe1053996d3c46433.jpg,1600,1200,1 centime,912,178,1070,331
78_jpg.rf.f77364ddb6cc4f8fe1053996d3c46433.jpg,1600,1200,10 centimes,976,344,1173,538
78_jpg.rf.f77364ddb6cc4f8fe1053996d3c46433.jpg,1600,1200,50 centimes,1061,517,1308,765
78_jpg.rf.f77364ddb6cc4f8fe1053996d3c46433.jpg,1600,1200,10 centimes,577,942,794,1163
78_jpg.rf.f77364ddb6cc4f8fe1053996d3c46433.jpg,1600,1200,5 centimes,520,335,738,548
198_jpg.rf.fa26894ea7aed8de8909eb1f8b14c1d2.jpg,1024,768,50 centimes,52,161,231,334
198_jpg.rf.fa26894ea7aed8de8909eb1f8b14c1d2.jpg,1024,768,10 centimes,340,70,475,205
198_jpg.rf.fa26894ea7aed8de8909eb1f8b14c1d2.jpg,1024,768,2 centimes,596,100,733,229
198_jpg.rf.fa26894ea7aed8de8909eb1f8b14c1d2.jpg,1024,768,1 centime,769,219,885,330
198_jpg.rf.fa26894ea7aed8de8909eb1f8b14c1d2.jpg,1024,768,2 centimes,706,348,840,480
198_jpg.rf.fa26894ea7aed8de8909eb1f8b14c1d2.jpg,1024,768,1 euro,502,281,666,445
198_jpg.rf.fa26894ea7aed8de8909eb1f8b14c1d2.jpg,1024,768,2 euro,318,347,506,530
198_jpg.rf.fa26894ea7aed8de8909eb1f8b14c1d2.jpg,1024,768,20 centimes,133,488,302,648
198_jpg.rf.fa26894ea7aed8de8909eb1f8b14c1d2.jpg,1024,768,5 centimes,578,572,728,728
274_png.rf.f8990af45a4674a9dfb14c7eca8784f4.jpg,1140,1394,2 euro,586,169,771,361
274_png.rf.f8990af45a4674a9dfb14c7eca8784f4.jpg,1140,1394,10 centimes,817,524,964,676
274_png.rf.f8990af45a4674a9dfb14c7eca8784f4.jpg,1140,1394,20 centimes,645,769,809,936
274_png.rf.f8990af45a4674a9dfb14c7eca8784f4.jpg,1140,1394,verso-bronze,202,181,322,302
274_png.rf.f8990af45a4674a9dfb14c7eca8784f4.jpg,1140,1394,verso-bronze,924,629,1056,766
274_png.rf.f8990af45a4674a9dfb14c7eca8784f4.jpg,1140,1394,1 euro,237,777,408,944
274_png.rf.f8990af45a4674a9dfb14c7eca8784f4.jpg,1140,1394,verso-bronze,530,1065,685,1227
274_png.rf.f8990af45a4674a9dfb14c7eca8784f4.jpg,1140,1394,verso-dore,392,505,563,683
40_jpg.rf.fd376c373e594715501fb63d3be8bb97.jpg,1600,1200,10 centimes,284,404,489,593
40_jpg.rf.fd376c373e594715501fb63d3be8bb97.jpg,1600,1200,5 centimes,401,769,625,989
40_jpg.rf.fd376c373e594715501fb63d3be8bb97.jpg,1600,1200,50 centimes,960,734,1196,973
40_jpg.rf.fd376c373e594715501fb63d3be8bb97.jpg,1600,1200,1 euro,671,510,885,717
40_jpg.rf.fd376c373e594715501fb63d3be8bb97.jpg,1600,1200,1 centime,663,180,844,343
40_jpg.rf.fd376c373e594715501fb63d3be8bb97.jpg,1600,1200,2 centimes,969,361,1169,549
176_jpg.rf.fe50149febd906f40b08aade2b95912b.jpg,3072,4080,50 centimes,1713,1772,2617,2700
176_jpg.rf.fe50149febd906f40b08aade2b95912b.jpg,3072,4080,10 centimes,326,2155,1110,2925
223_jpg.rf.fc584d14d7443f969f4c1f6262833c95.jpg,1200,1600,5 centimes,494,757,725,974
151_jpg.rf.fe74b28913aed4fcd61bc4bf90313ad7.jpg,4032,3024,20 centimes,1330,422,2487,1496
151_jpg.rf.fe74b28913aed4fcd61bc4bf90313ad7.jpg,4032,3024,5 centimes,2485,549,3479,1527
151_jpg.rf.fe74b28913aed4fcd61bc4bf90313ad7.jpg,4032,3024,2 centimes,389,1360,1490,2400
151_jpg.rf.fe74b28913aed4fcd61bc4bf90313ad7.jpg,4032,3024,1 centime,2337,1649,3213,2491
222_jpg.rf.fadee21fe3bb83662386fc2c615c8116.jpg,4640,3472,2 euro,1418,555,2058,1202
222_jpg.rf.fadee21fe3bb83662386fc2c615c8116.jpg,4640,3472,20 centimes,2545,699,3099,1253
222_jpg.rf.fadee21fe3bb83662386fc2c615c8116.jpg,4640,3472,10 centimes,2612,2285,3090,2755
222_jpg.rf.fadee21fe3bb83662386fc2c615c8116.jpg,4640,3472,1 centime,3040,1635,3432,2007
222_jpg.rf.fadee21fe3bb83662386fc2c615c8116.jpg,4640,3472,5 centimes,1653,2580,2157,3093
222_jpg.rf.fadee21fe3bb83662386fc2c615c8116.jpg,4640,3472,verso-bronze,1180,1692,1639,2156
222_jpg.rf.fadee21fe3bb83662386fc2c615c8116.jpg,4640,3472,verso-dore,2032,1431,2624,2036
67_JPG.rf.fabb8f392e7bc4c64332f939d1da52ca.jpg,768,1024,2 euro,227,460,424,669